wine_index,pH,residual_sugar,sulphates,density,chlorides,alcohol,quality
1,3.51,1.9,0.56,0.9978,0.076,9.4,5
2,3.2,2.6,0.68,0.9968,0.098,9.8,5
3,3.26,2.3,0.65,0.997,0.092,9.8,5
4,3.16,1.9,0.58,0.998,0.075,9.8,6
5,3.51,1.9,0.56,0.9978,0.076,9.4,5
6,3.51,1.8,0.56,0.9978,0.075,9.4,5
7,3.3,1.6,0.46,0.9964,0.069,9.4,5        
8,3.39,1.2,0.47,0.9946,0.065,10,7
9,3.36,2,0.57,0.9968,0.073,9.5,7
10,3.35,6.1,0.8,0.9978,0.071,10.5,5
11,3.28,1.8,0.54,0.9959,0.097,9.2,5
12,3.35,6.1,0.8,0.9978,0.071,10.5,5
13,3.58,1.6,0.52,0.9943,0.089,9.9,5
14,3.26,1.6,1.56,0.9974,0.114,9.1,5
15,3.16,3.8,0.88,0.9986,0.176,9.2,5
16,3.17,3.9,0.93,0.9986,0.17,9.2,5
17,3.3,1.8,0.75,0.9969,0.092,10.5,7
18,3.11,1.7,1.28,0.9968,0.368,9.3,5
19,3.38,4.4,0.5,0.9974,0.086,9,4
20,3.04,1.8,1.08,0.9969,0.341,9.2,6
21,3.39,1.8,0.53,0.9968,0.077,9.4,6
22,3.52,2.3,0.65,0.9982,0.082,9.7,5
23,3.17,1.6,0.91,0.9966,0.106,9.5,5
24,3.17,2.3,0.53,0.9968,0.084,9.4,5
25,3.43,2.4,0.63,0.9968,0.085,9.7,6
26,3.34,1.4,0.56,0.9955,0.08,9.3,5
27,3.28,1.8,0.59,0.9962,0.08,9.5,5
28,3.17,1.6,0.91,0.9966,0.106,9.5,5
29,3.47,1.9,0.55,0.9972,0.08,9.4,5
30,3.38,2,0.59,0.9964,0.082,9.8,6
31,3.35,2.4,0.54,0.9958,0.089,10.1,5
32,3.46,2.5,0.57,0.9966,0.105,10.6,6
33,3.17,2.3,0.66,0.9966,0.083,9.8,5
34,3.45,10.7,0.52,0.9993,0.073,9.4,6
35,3.38,1.8,0.55,0.9957,0.103,9.2,5
36,3.4,5.5,0.55,0.9986,0.086,9.6,6
37,3.42,2.4,0.6,0.9975,0.086,10.8,6
38,3.23,2.1,0.73,0.9968,0.066,9.7,7
39,3.5,1.5,0.48,0.994,0.172,9.8,4
40,3.33,5.9,0.83,0.9978,0.074,10.5,5
41,3.33,5.9,0.83,0.9978,0.074,10.5,5
42,3.26,2.8,0.51,0.9976,0.088,9.3,4
43,3.21,2.6,0.9,0.9968,0.332,10.5,6
44,3.3,2.2,1.2,0.9968,0.069,10.3,5
45,3.48,1.8,0.52,0.9962,0.05,9.5,5
46,3.9,2.1,0.56,0.9934,0.054,13.1,4
47,3.25,2.2,0.73,0.997,0.114,9.2,5
48,3.25,1.6,0.58,0.9969,0.113,9.5,5
49,3.34,1.6,0.56,0.9958,0.066,9.2,5
50,3.32,1.4,0.58,0.9954,0.074,9.2,5
51,3.15,1.7,0.74,0.9971,0.074,9.2,5
52,3.4,2.2,0.63,0.9956,0.069,9.4,6
53,3.39,2.1,0.64,0.9955,0.068,9.4,6
54,3.2,3,0.56,0.997,0.081,9.4,5
55,3.17,2.8,0.63,0.9955,0.11,10.2,6
56,3.34,3.8,0.53,0.9978,0.084,9.5,5
57,3.04,3.4,0.63,0.9971,0.07,9.6,5
58,3.26,5.1,0.77,0.9983,0.111,9.4,5
59,3.43,2.3,0.59,0.9975,0.076,10,5
60,3.41,2.4,0.54,0.9962,0.074,9.4,6
61,3.44,2.2,0.64,0.998,0.079,9.2,5
62,3.21,1.8,0.71,0.9968,0.115,9.3,5
63,3.38,1.9,0.62,0.9968,0.085,9.5,7
64,3.39,2,0.57,0.9966,0.081,9.8,5
65,3.41,4.65,0.39,0.9962,0.086,10.9,5
66,3.41,4.65,0.39,0.9962,0.086,10.9,5
67,3.42,1.5,0.58,0.9968,0.079,9.6,5
68,3.44,1.6,0.58,0.9962,0.076,10.7,5
69,3.28,2,0.79,0.9969,0.074,10.7,5
70,3.34,1.9,0.95,0.9962,0.074,10.5,6
71,3.32,1.9,0.54,0.9967,0.076,9.5,6
72,3.32,2.1,0.48,0.9962,0.088,9.5,5
73,3.31,1.9,0.48,0.9961,0.084,9.5,5
74,3.31,2.1,0.53,0.9976,0.084,9.2,4
75,3.28,2.5,0.82,0.9984,0.094,9.6,5
76,3.54,2.2,0.66,0.9986,0.093,10.5,5
77,3.54,2.2,0.66,0.9986,0.093,10.5,5
78,3.52,2.4,0.55,0.9966,0.104,10.7,6
79,3.38,2,0.52,0.9958,0.086,10.1,5
80,3.16,1.5,1.12,0.9972,0.08,9.1,4
81,3.41,1.6,0.56,0.9958,0.069,9.2,5
82,3.13,1.9,1.28,0.9974,0.464,9.4,5
83,3.36,2,0.57,0.997,0.086,9.1,5
84,3.16,1.8,1.14,0.9969,0.401,9.4,5
85,3.44,1.8,0.78,0.9959,0.069,10.3,6
86,3.41,2.2,0.59,0.9961,0.076,10.1,5
87,2.93,1.9,1.95,0.9972,0.11,9.9,6
88,3.39,1.9,0.64,0.9966,0.062,9.6,5
89,3.14,2.1,1.22,0.9978,0.107,9.5,5
90,3.48,1.8,0.53,0.9978,0.076,9,5
91,3.23,1.9,0.54,0.9964,0.079,9.5,5
92,2.93,1.9,1.95,0.9972,0.11,9.9,6
93,2.93,2,1.98,0.9972,0.11,9.8,5
94,3.39,1.9,0.64,0.9966,0.062,9.6,5
95,3.75,1.4,0.48,0.9938,0.045,10.5,4
96,3.85,2.3,0.6,0.9932,0.058,12.9,6
97,3.45,3,0.56,0.9965,0.102,10.7,5
98,3.25,2,0.63,0.9963,0.07,9.2,5
99,3.39,2.5,0.56,0.9967,0.079,9.8,5
100,3.3,1.9,0.59,0.9972,0.08,9,6
101,3.4,2.1,0.61,0.9972,0.084,10.2,6
102,3.31,1.9,0.56,0.9959,0.075,10.4,6
103,3.3,1.9,0.59,0.9972,0.08,9,6
104,3.29,2.1,0.51,0.9967,0.077,9.2,5
105,3.33,2.2,0.48,0.996,0.07,9.4,5
106,3.29,2.1,0.51,0.9967,0.077,9.2,5
107,3.08,1.7,1.31,0.9973,0.467,9.3,5
108,3.46,1.7,0.79,0.9969,0.088,9.3,5
109,3.37,2.5,0.8,0.9976,0.091,9.6,6
110,3.21,2,0.69,0.9969,0.122,9.3,5
111,3.19,1.8,0.93,0.9964,0.104,9.5,5
112,3.15,2.2,0.66,0.9964,0.084,9.8,5
113,3.15,2.2,0.66,0.9964,0.085,9.8,5
114,3.32,2.3,0.67,0.9988,0.08,9.7,6
115,3.19,1.8,0.93,0.9964,0.104,9.5,5
116,3.07,2.2,0.63,0.9966,0.09,10.5,6
117,3.39,1.9,0.61,0.9978,0.077,10,6
118,3.37,2,0.5,0.997,0.082,9.4,6
119,3.21,2.2,0.6,0.9962,0.119,10.9,6
120,3.34,1.8,0.54,0.9959,0.097,9.2,6
121,3.3,1.7,0.57,0.9962,0.178,9,5
122,3.21,2.2,0.6,0.9962,0.119,10.9,6
123,3.49,2.5,0.52,0.998,0.075,9.2,5
124,3.44,2.6,0.53,0.9976,0.08,9.5,5
125,3.39,1.6,0.48,0.996,0.082,9.5,5
126,3.16,1.9,0.7,0.9984,0.146,9.4,5
127,3.53,1.7,0.49,0.9964,0.081,10.9,5
128,3.54,1.8,0.48,0.9964,0.082,10.9,5
129,3.42,1.8,0.92,0.9962,0.065,10.5,7
130,3.42,1.8,0.57,0.9955,0.072,9.4,5
131,3.24,2,0.66,0.9968,0.118,9.4,5
132,3.63,2.3,0.63,0.9937,0.049,13,5
133,3.63,2.3,0.63,0.9937,0.049,13,5
134,3.4,1.5,0.58,0.9952,0.06,9.8,6
135,3.22,2.2,0.55,0.9959,0.084,9.9,6
136,3.19,1.9,0.82,0.9965,0.09,9.6,5
137,3.23,1.8,0.77,0.9968,0.089,9.5,5
138,3.48,2,0.64,0.9972,0.081,9.2,5
139,3.33,2.1,0.54,0.9962,0.081,9.5,5
140,3.32,2,0.54,0.9962,0.081,9.5,5
141,3.19,1.9,0.82,0.9965,0.09,9.6,5
142,3.23,1.8,0.77,0.9968,0.089,9.5,5
143,3.68,1.8,0.79,0.9916,0.05,14,6
144,3.34,1.7,0.58,0.9954,0.066,9.4,5
145,3.68,1.8,0.79,0.9916,0.05,14,6
146,3.17,1.8,0.62,0.9968,0.117,9.4,5
147,3.54,1.8,0.52,0.9944,0.087,10,5
148,3.11,1.6,0.8,0.9968,0.236,9.3,5
149,3.42,2.3,0.58,0.9959,0.074,10.2,6
150,3.53,2.8,0.61,0.9975,0.089,10.5,6
151,3.33,2.1,0.53,0.9958,0.077,10.3,6
152,2.74,3.4,2,0.9996,0.61,9.4,4
153,3.35,1.8,0.54,0.995,0.095,10.1,5
154,3.35,1.8,0.54,0.995,0.095,10.1,5
155,3.42,5.5,0.72,0.9973,0.07,10.5,5
156,3.42,5.5,0.71,0.9973,0.071,10.5,5
157,3.42,5.5,0.72,0.9973,0.07,10.5,5
158,3.42,5.5,0.71,0.9973,0.071,10.5,5
159,3.48,2.2,0.5,0.9969,0.073,9.3,5
160,3.59,1.9,0.57,0.9968,0.079,9.3,6
161,3.2,2,0.56,0.9959,0.09,9.6,5
162,3.17,1.3,1.08,0.9965,0.072,9.2,4
163,3.33,1.7,0.56,0.9964,0.076,10,6
164,3.37,7.3,0.49,0.9982,0.07,9.4,5
165,3.37,7.2,0.49,0.9981,0.07,9.4,5
166,3.19,1.7,0.62,0.9961,0.1,9.5,5
167,3.34,2.1,0.52,0.9956,0.085,10.2,5
168,3.37,1.6,0.48,0.9956,0.072,9,4
169,3.47,2.1,0.55,0.9953,0.089,10.4,6
170,3,1.8,1.59,0.9964,0.36,9.5,5
171,3.36,1.8,0.33,0.9972,0.058,9.1,4
172,3.29,2,0.61,0.9972,0.073,9.2,6
173,3.29,2,0.61,0.9972,0.073,9.2,6
174,3.42,1.9,0.57,0.9961,0.068,11.5,6
175,3.33,2,0.47,0.9961,0.08,9.5,5
176,3.35,1.5,0.78,0.9958,0.085,9.5,5
177,3.33,2,0.47,0.9961,0.08,9.5,5
178,3.58,2.3,0.61,0.9972,0.087,10.5,6
179,3.48,2.5,0.56,0.9969,0.068,9.6,5
180,3.19,2.4,0.59,0.9969,0.067,9.5,5
181,3.19,2.4,0.59,0.9969,0.067,9.5,5
182,3.12,2,1.02,0.9972,0.27,9.3,5
183,3.44,2.5,0.52,0.9972,0.076,9.3,5
184,3.54,1.8,0.58,0.9971,0.077,9.3,5
185,3.52,1.9,0.58,0.997,0.079,9.3,6
186,3.26,2,0.53,0.9971,0.111,9.7,5
187,3.34,2,0.55,0.9972,0.082,9.2,5
188,3.39,2.6,0.49,0.9976,0.084,9.7,5
189,3.2,2,0.55,0.9968,0.084,9.5,5
190,3.2,1.9,0.55,0.9968,0.082,9.5,5
191,3.23,2.9,0.62,0.9976,0.077,9.4,5
192,3.57,1.9,0.62,0.9974,0.074,9.8,6
193,3.28,3.8,0.61,0.9969,0.099,9.5,5
194,3.28,2.2,0.55,0.9964,0.071,9.7,5
195,3.28,2.2,0.55,0.9964,0.071,9.7,5
196,3.25,2,0.54,0.9968,0.074,9.4,5
197,3.46,2.4,0.59,0.9968,0.074,10.2,5
198,3.11,2,0.97,0.9981,0.067,10.1,6
199,3.57,1.2,0.85,0.9924,0.046,13,7
200,3.51,2.1,0.43,0.9948,0.061,11.4,4
201,3.22,1.4,0.82,0.99695,0.056,10.3,7
202,3.04,2.1,1.03,0.9975,0.097,9.3,5
203,3.36,1.5,0.79,0.99545,0.075,9.5,5
204,3.34,1.6,0.55,0.9961,0.088,9.2,5
205,3.34,1.6,0.56,0.99615,0.089,9.2,6
206,3.2,2.6,0.77,0.9994,0.095,10.8,7
207,3.2,2.6,0.77,0.9994,0.095,10.8,7
208,3.29,1.8,0.53,0.99625,0.069,9.3,5
209,3.22,2.7,0.67,0.9966,0.1,9.4,5
210,3.31,2.1,0.88,0.998,0.054,10.5,7
211,3.3,2,0.86,0.99585,0.039,12.4,6
212,3.35,2.8,0.56,0.99685,0.083,10,6
213,3.21,2.1,0.67,0.998,0.059,10.2,6
214,3.3,2.2,0.43,0.9959,0.06,10.1,5
215,3.24,2.4,0.71,0.9974,0.092,9.8,6
216,3.34,5.6,0.76,0.9974,0.06,10.5,5
217,3.14,2,0.57,0.9962,0.101,11,5
218,3.36,2.2,0.55,0.9967,0.072,9.1,5
219,3.39,1.9,0.54,0.9957,0.076,9.7,5
220,3.3,2.4,0.6,0.99655,0.08,9.5,5
221,3.34,2,0.59,0.9964,0.082,9.4,6
222,3.15,2,0.57,0.9957,0.101,9.4,5
223,3.42,1.5,0.6,0.99525,0.057,9.5,5
224,3.28,2,0.6,0.99815,0.083,10,6
225,3.31,2,0.57,0.99745,0.089,10.4,4
226,3.37,2.6,0.58,0.99615,0.073,10.5,6
227,3.04,2,1.61,0.9964,0.337,9.5,6
228,3.39,2.6,0.63,0.9984,0.089,9.8,5
229,3.37,2.6,0.58,0.99615,0.073,10.5,6
230,3.46,2.6,0.5,0.99685,0.081,11,5
231,3.54,1.6,0.62,0.9927,0.054,12.2,7
232,3.37,1.8,0.52,0.99625,0.078,9.9,6
233,3.34,2.8,0.7,0.998,0.09,9.6,6
234,3.46,2.6,0.5,0.99685,0.081,11,5
235,3.32,2.3,0.55,0.99685,0.065,9,6
236,3.37,1.9,0.58,0.99675,0.097,9,6
237,3.37,1.9,0.58,0.99675,0.097,9,6
238,3.37,1.9,0.58,0.99675,0.097,9.2,6
239,3.37,1.9,0.58,0.99675,0.097,9,6
240,3.32,2.3,0.55,0.99685,0.065,9,6
241,3,1.7,1.09,0.9971,0.263,9.3,5
242,3.14,2.1,0.71,0.99925,0.093,10.9,6
243,3.08,1.8,0.49,0.99565,0.102,9.8,6
244,3.07,2.2,0.84,1.00005,0.075,9.2,7
245,3.07,2.2,0.84,1.00005,0.075,9.2,7
246,3.61,2,0.96,0.9983,0.084,9.9,6
247,3.38,1.9,0.52,0.99685,0.075,9.5,5
248,3.2,2.3,0.45,0.9963,0.072,9.3,5
249,3.35,1.7,0.48,0.99615,0.074,9.8,6
250,3.61,2,0.96,0.9983,0.084,9.9,6
251,3.22,1.6,0.78,0.9985,0.063,10,6
252,3.47,1.8,0.7,0.9972,0.074,9.9,6
253,3.17,3.1,0.53,0.9986,0.09,10.5,5
254,3.23,1.9,0.59,0.9959,0.092,9.5,5
255,3.47,1.8,0.7,0.9972,0.074,9.9,6
256,3.26,3.2,0.57,0.99675,0.073,9.3,5
257,3.22,2.2,0.62,0.998,0.075,9.2,5
258,3.49,2.1,0.67,0.9968,0.075,9.2,5
259,3.06,1.8,1.26,0.9968,0.611,9.4,5
260,3.36,2.6,0.8,0.99965,0.085,10.5,7
261,3.29,1.7,0.65,0.99625,0.077,9.3,5
262,3.35,2,0.6,0.99565,0.087,9.4,4
263,3.34,1.7,0.57,0.99575,0.07,10,5
264,3.28,1.8,0.67,0.9963,0.077,9.3,5
265,3.08,2.4,0.87,0.9999,0.064,10.9,5
266,3.2,1.8,0.72,0.9968,0.071,10.2,7
267,3.6,3.3,0.72,1.00025,0.096,9.8,4
268,3.35,3.6,0.86,0.9973,0.078,12.8,8
269,3.69,3,0.91,0.9987,0.077,9.4,6
270,3.28,4,0.97,0.9996,0.104,10.1,6
271,3.36,4,0.67,0.9965,0.087,10.7,6
272,3.28,4,0.97,0.9996,0.104,10.1,6
273,3.22,4,0.78,0.99935,0.071,10.1,5
274,3.31,2.4,0.64,0.99735,0.076,9.4,5
275,3.38,7,0.77,0.99915,0.088,9.4,5
276,3.36,4,0.67,0.9965,0.087,10.7,6
277,3.69,3,0.91,0.9987,0.077,9.4,6
278,3.28,4,0.97,0.9996,0.104,10.1,6
279,3.23,6.4,0.82,0.9976,0.073,12.6,8
280,3.38,5.6,0.77,0.9991,0.087,10.5,7
281,3.12,3.6,0.82,0.9986,0.071,9.3,6
282,3.25,3.5,1.08,0.9972,0.358,9.9,7
283,3.36,3,0.57,0.9971,0.067,9.1,5
284,3.38,5.6,0.77,0.9991,0.087,10.5,7
285,3.31,3.4,0.71,1.00015,0.102,9.8,5
286,3.31,3.4,0.71,1.00015,0.102,9.8,5
287,3.1,2,0.76,0.9997,0.073,10.3,6
288,3.37,3,0.7,0.9967,0.092,10.3,6
289,3.34,2.5,0.86,0.9976,0.091,10.6,7
290,3.2,3.3,0.95,1.001,0.105,9.2,5
291,3.34,2.5,0.86,0.9976,0.091,10.6,7
292,3.3,2,0.71,0.9979,0.343,10.5,5
293,3.22,2.7,0.64,0.9994,0.091,10.3,6
294,3.41,2.4,0.6,0.9964,0.098,10.1,6
295,3.05,3.2,0.81,1.0014,0.094,9.5,6
296,3.05,2.5,0.64,1.0001,0.073,9.5,5
297,3.16,2.6,0.52,0.9981,0.086,9.9,5
298,3.67,2,0.73,0.99855,0.083,9.6,5
299,3.67,2.3,0.8,0.9993,0.094,9.7,5
300,3.68,2.1,0.71,0.99845,0.08,9.6,5
301,3.38,2.6,0.59,0.9965,0.086,10.7,6
302,3.22,1.5,0.64,0.9973,0.068,10.1,6
303,3.51,2.6,0.72,0.9994,0.092,10,5
304,3.39,1.6,0.54,0.996,0.186,9.5,5
305,3.2,2.1,0.52,0.9973,0.112,9.2,5
306,3.12,2.5,0.59,0.9998,0.063,9.3,6
307,3.36,2.2,0.52,0.9966,0.082,9.4,5
308,3.19,2.4,0.62,0.9994,0.213,9.5,6
309,3.19,2.4,0.63,0.9994,0.214,9.5,6
310,3.41,1.7,0.53,0.9968,0.062,9.5,6
311,3.12,2.5,0.59,0.9998,0.063,9.3,6
312,3.27,2,0.54,0.996,0.072,9.4,6
313,3.32,2.8,0.63,0.99815,0.093,9.5,6
314,3.3,3,0.53,0.9976,0.076,9.4,5
315,3.39,2.6,0.68,0.99645,0.087,11,5
316,3.42,2.5,0.65,0.9962,0.096,11,6
317,3.3,3.4,0.65,0.9996,0.102,10.1,5
318,3.3,2.9,0.64,0.99865,0.082,10.4,6
319,3.37,3.2,0.71,0.9989,0.083,11.5,7
320,3.3,2.9,0.64,0.99865,0.082,10.4,6
321,3.37,3.2,0.71,0.9989,0.083,11.5,7
322,3.24,3.4,0.62,0.99975,0.09,9.7,5
323,3.29,2.3,0.63,0.99735,0.079,9.3,5
324,3.28,2.8,0.7,0.999,0.09,9.5,6
325,3.16,11,0.69,1.0015,0.071,9.2,6
326,3.16,11,0.69,1.0015,0.071,9.2,6
327,3.05,3.65,0.74,0.9978,0.121,11.5,7
328,3.28,4.5,0.83,0.998,0.107,11.5,5
329,3.16,2.6,0.67,1.0002,0.082,9.7,6
330,3.18,2,0.62,0.9981,0.061,9.5,5
331,3.23,2.9,0.66,0.998,0.122,12.5,6
332,3.23,2.9,0.66,0.998,0.122,12.5,6
333,3.22,3.2,0.54,0.9973,0.066,9.4,6
334,3.13,2.1,0.52,0.9958,0.105,11,5
335,3.34,2.5,0.74,0.9963,0.078,11.7,7
336,3.17,3.4,0.84,0.9992,0.128,12.2,7
337,3.35,1.9,0.7,0.9948,0.052,12.5,6
338,3.31,2.8,0.64,0.9974,0.08,10.3,5
339,3.16,3,1,1.0008,0.103,11.5,6
340,3.11,2.3,1.36,0.9997,0.082,9.8,7
341,3.12,2.4,1.18,1,0.066,9.2,6
342,3.21,2.7,0.87,0.9972,0.065,11.3,6
343,3.3,1.8,0.75,0.9982,0.118,9.8,6
344,3.3,1.8,0.75,0.9982,0.118,9.8,6
345,3.12,2.6,0.78,1.0006,0.082,10.7,6
346,3.6,1.9,0.81,0.9979,0.067,9.9,5
347,3.58,2.7,0.89,0.9955,0.072,12.3,7
348,3.02,3,0.93,0.9986,0.093,12,6
349,3.11,2.8,0.92,0.9979,0.089,10,6
350,3.36,2.6,0.86,0.9994,0.093,9.4,6
351,3.28,2.7,0.98,1.0004,0.107,9.9,6
352,3.35,2.6,0.83,0.9994,0.096,9.4,6
353,3.27,2.4,0.73,0.9974,0.09,9.3,5
354,3.18,4.8,0.77,1.0018,0.12,13,5
355,3.25,1.4,0.59,0.9912,0.066,11.9,6
356,3.55,2.4,0.61,0.9955,0.078,12.8,6
357,3.26,3,0.88,1.0001,0.08,11,5
358,3.24,2.95,0.75,0.997,0.116,11.7,7
359,3.15,3.1,0.85,1,0.109,10.4,7
360,3.17,2.6,0.68,1.001,0.088,9.8,6
361,3.19,2,0.7,0.9973,0.099,9.4,5
362,3.37,2.6,0.91,0.9982,0.086,9.9,6
363,3.05,2.5,0.56,0.9992,0.072,10,5
364,2.99,2,0.87,0.9988,0.071,10.2,5
365,3.07,5.8,0.73,1.0022,0.083,10,7
366,3.26,3.4,0.93,0.9979,0.107,11.8,6
367,3.07,5.8,0.73,1.0022,0.083,10,7
368,3.16,2.6,0.69,1,0.076,9,5
369,3.18,2.8,0.64,0.9998,0.159,9.4,5
370,3.2,2.4,1.13,0.9962,0.074,12,7
371,3.57,2.3,0.78,0.9975,0.063,9.9,5
372,3.32,1.6,0.87,0.9967,0.056,8.7,6
373,3.32,1.8,1.04,0.9967,0.067,10.6,6
374,3.05,2.2,0.63,0.9959,0.106,9.2,5
375,3.01,3.8,0.81,1.0014,0.089,10.8,6
376,3.01,4.4,0.83,0.9984,0.124,11.8,7
377,3.26,3,1.11,1.0003,0.078,11,6
378,3.2,2.4,1.13,0.9962,0.074,12,7
379,3.11,6.2,0.99,0.9988,0.088,13.3,6
380,3.31,2.5,0.7,0.9979,0.094,10.8,6
381,3.21,2,0.8,0.9974,0.08,9.4,6
382,3.06,2.9,0.8,1.0014,0.085,10,6
383,3.21,2,0.8,0.9974,0.08,9.4,6
384,3.21,2,0.8,0.9974,0.08,9.4,6
385,3.42,2.1,0.74,0.998,0.087,9.2,5
386,3.43,2.4,0.76,0.9979,0.09,9.7,6
387,3.41,2,0.74,0.9981,0.088,9.2,6
388,3.31,1.9,0.54,0.9972,0.079,9.6,6
389,3.43,1.9,0.74,0.9981,0.088,9.2,6
390,3.19,2.5,0.7,0.9982,0.096,10,7
391,3.56,1.4,0.82,0.9924,0.045,12.9,8
392,3.06,2.9,0.8,1.0014,0.085,10,6
393,3.18,2,0.51,0.998,0.082,9.5,5
394,3.16,2,0.54,0.997,0.112,9.1,5
395,3.03,2.3,0.57,0.9997,0.063,9.9,5
396,3.22,4.2,0.6,1.0004,0.066,13,7
397,3.47,7.9,0.53,0.9994,0.122,9.9,5
398,3.18,2.6,0.65,0.9988,0.087,11,6
399,3.18,2.6,0.65,0.9988,0.087,11,6
400,3.1,2.3,0.55,0.9963,0.064,9.4,5
401,3.47,7.9,0.53,0.9994,0.122,9.9,5
402,3.29,1.7,0.47,0.9949,0.059,10.8,6
403,3.1,2.6,0.61,1,0.085,10.5,6
404,3.15,2.7,0.63,0.9994,0.085,10.5,6
405,3.26,2.7,0.61,0.9974,0.075,9.1,5
406,3.36,1.4,0.76,0.9966,0.059,10.1,6
407,3.24,2.5,0.65,0.9981,0.063,10.8,6
408,3.18,3,0.63,0.9996,0.093,10.8,7
409,3.19,3.7,0.7,0.997,0.174,11.3,6
410,3.05,4.5,0.57,0.9981,0.07,9.6,4
411,3.38,2.5,0.62,0.9987,0.08,9.5,6
412,3.38,2.4,0.62,0.9987,0.08,9.5,5
413,3.27,1.9,0.64,0.9966,0.1,9.3,5
414,3.27,6.7,0.82,0.9986,0.097,11.7,7
415,3.26,2.7,0.61,0.9982,0.087,9.5,5
416,3.32,6.6,1.07,1.0014,0.117,9.3,5
417,3.26,2.2,0.66,0.997,0.111,11.7,6
418,3.44,1.9,0.48,0.9956,0.091,10.5,5
419,3.24,2,0.76,0.9996,0.121,10.4,6
420,3.62,1.8,0.68,0.9976,0.066,9.9,5
421,3.28,2.4,0.73,0.9972,0.089,11.8,7
422,3.52,2.3,0.56,0.9952,0.059,12.3,7
423,3.36,2,0.44,0.9955,0.047,10.9,5
424,3.15,2.1,0.9,0.9978,0.066,11,7
425,3.36,2,0.44,0.9955,0.047,10.9,5
426,3.52,2.3,0.56,0.9952,0.059,12.3,7
427,3.49,2.1,0.49,0.9949,0.045,11.4,6
428,3.26,1.9,0.56,0.9988,0.077,10.6,6
429,3.24,1.3,0.6,0.9978,0.07,9.3,5
430,3.1,2.4,0.6,0.9997,0.088,10.4,6
431,3.15,2.1,0.9,0.9978,0.066,11,7
432,3.25,2.2,0.56,0.9974,0.074,9.2,5
433,3,2.3,0.65,0.9958,0.078,12.8,6
434,3.16,2.3,0.49,1.0004,0.091,9.5,5
435,3.15,3.2,0.89,0.9996,0.076,9.9,6
436,3.16,2.3,0.49,1.0004,0.091,9.5,5
437,3.26,2,0.56,0.9958,0.06,10.2,6
438,3.17,3.2,0.66,0.9986,0.066,11.2,6
439,3.15,3.2,0.89,0.9996,0.076,9.9,6
440,3.08,1.5,0.6,0.9951,0.062,9.3,5
441,2.88,2.2,0.82,0.9987,0.072,9.8,8
442,3.06,2.15,0.68,0.9988,0.068,11.3,6
443,2.95,3.7,0.68,1.0032,0.1,11.2,7
444,3.23,2.7,0.63,0.9963,0.077,11.6,7
445,3.57,1.7,0.84,0.9934,0.054,12.5,7
446,3.23,2.1,0.56,0.9986,0.079,10.1,6
447,3.1,2.6,0.73,0.9996,0.081,10.5,5
448,3.22,2.1,0.72,0.9968,0.127,11.2,5
449,3.2,2,0.56,0.9967,0.1,10.2,6
450,3.1,2.8,0.61,0.9994,0.095,10.8,6
451,3.1,2.8,0.61,0.9994,0.095,10.8,6
452,3.06,1.8,1.06,0.9979,0.413,9.1,6
453,3.44,1.7,0.63,0.9968,0.084,10,6
454,3.26,2.8,0.74,0.9998,0.084,11.2,7
455,3.5,1.6,0.63,0.9952,0.063,11.1,5
456,3.22,5.2,0.69,0.9988,0.086,13.4,8
457,3.37,2.3,0.58,0.9986,0.095,10.3,5
458,3.28,2.7,0.58,0.9988,0.097,9.6,5
459,3.26,2.8,0.74,0.9998,0.084,11.2,7
460,3.25,2.2,0.57,1.0008,0.074,9,3
461,3.35,2.3,0.61,0.9976,0.083,11.3,6
462,3.26,2.6,0.61,0.9982,0.087,9.3,5
463,3.18,2.55,0.61,0.997,0.085,11.8,5
464,3.08,2.2,0.53,0.9972,0.098,9,5
465,2.98,2.1,0.7,0.9987,0.084,9.2,6
466,3.48,2.9,0.91,1.0006,0.098,9.7,5
467,3.16,2,0.72,0.9982,0.069,11.5,6
468,3.32,2.6,0.79,0.9947,0.065,14,6
469,3.17,2.1,0.62,1,0.09,9.2,6
470,3.2,1.2,0.58,0.9952,0.07,9.8,5
471,3.05,2.6,0.61,0.9996,0.093,10.6,5
472,3.2,2.4,0.71,0.997,0.081,11.4,6
473,3.15,2.6,0.82,0.9995,0.083,10.4,6
474,3.26,2.1,0.79,0.9971,0.062,10.6,5
475,3.2,1.7,0.89,0.9982,0.08,9.4,6
476,3.14,2.2,0.6,0.9988,0.087,10.2,5
477,3.28,2,0.7,0.998,0.091,9.7,5
478,3.18,1.8,1.06,0.9977,0.075,11,6
479,3.14,2.2,0.6,0.9988,0.087,10.2,5
480,3.19,2.7,0.7,0.9984,0.077,10.1,6
481,3.12,15.5,0.66,1.0026,0.069,9.2,5
482,3.15,2.8,0.92,0.9964,0.08,11.7,8
483,3.04,2.2,1.05,0.9986,0.152,9.4,5
484,3.04,2.2,1.06,0.9986,0.152,9.4,5
485,3.06,4.1,0.66,0.997,0.114,13.4,6
486,3.17,1.9,0.47,0.9976,0.054,10,5
487,3.17,1.9,0.47,0.9976,0.054,10,5
488,3.17,1.8,0.42,0.9982,0.053,10,6
489,3.32,2.8,0.92,1.0002,0.081,10.8,7
490,3.34,2.6,0.75,0.9984,0.073,10.2,6
491,3.31,2.8,0.67,0.9984,0.078,10.6,6
492,3.34,2.5,0.79,0.9952,0.055,13.3,7
493,3.32,2.6,0.9,0.995,0.052,13.4,7
494,3.48,3,0.74,1.0002,0.086,11.6,6
495,3.44,8.3,0.55,0.9952,0.051,12.1,6
496,3.15,2.6,0.65,0.9972,0.07,11,8
497,3.43,1.9,0.65,0.9984,0.081,9,6
498,3.32,2.5,0.79,0.9966,0.09,11.1,5
499,3.15,2.6,0.65,0.9972,0.07,11,8
500,3.48,3,0.74,1.0002,0.086,11.6,6
501,3.43,1.9,0.65,0.9984,0.081,9,6
502,3.17,6.55,0.85,0.999,0.074,12,7
503,3.17,6.55,0.85,0.999,0.074,12,7
504,3.18,1.9,1.04,0.9976,0.078,10.9,7
505,3.21,1.8,1.05,0.9976,0.077,10.8,7
506,3.16,2.9,0.78,0.9968,0.072,12.5,7
507,3.25,1.8,1.02,0.9976,0.075,10.8,7
508,3.17,2.3,0.71,1,0.084,9.5,6
509,3.18,2.2,0.63,0.9994,0.09,10.2,6
510,3.04,2.8,0.68,0.9986,0.084,11.4,7
511,3.02,4.6,0.61,0.9978,0.073,9.5,5
512,3.18,2.2,0.63,0.9994,0.09,10.2,6
513,3.03,2.1,0.81,0.998,0.125,9.7,6
514,3.09,2.4,0.66,0.9973,0.107,11.8,7
515,3.09,2.4,0.66,0.9973,0.107,11.8,7
516,3.31,6.1,1.14,1.001,0.122,9.3,5
517,3.25,4.3,0.74,1.001,0.1,11.9,6
518,3.16,2.1,0.63,0.9994,0.2,8.4,3
519,3.22,2.8,0.68,0.9972,0.088,11.7,6
520,3.36,2.5,0.78,0.9966,0.088,11,5
521,3.42,2.7,0.9,0.9982,0.088,10,6
522,3.48,2,0.64,0.998,0.088,9.1,5
523,3.38,2.3,0.99,0.9979,0.099,9.8,5
524,3.22,2.5,0.55,0.9978,0.085,9.4,5
525,3.23,2.4,0.64,0.9976,0.086,9.5,5
526,3.24,2.8,0.67,0.9998,0.105,9.9,5
527,3.36,2.5,0.78,0.9966,0.088,11,5
528,3.39,2.5,0.77,0.9962,0.097,11.4,6
529,3.34,2.6,0.75,0.9988,0.084,8.7,6
530,3.09,2.4,0.57,0.9974,0.077,9.4,5
531,3.41,2.1,0.87,0.999,0.078,10.3,6
532,3.16,2.7,0.61,1.0004,0.098,10.3,5
533,3.16,2.7,0.61,1.0004,0.098,10.3,5
534,3.22,2.1,0.66,0.9956,0.072,12.8,6
535,3.28,2.7,0.56,1,0.102,10,6
536,3.41,2.1,0.87,0.999,0.078,10.3,6
537,3.09,2.4,0.57,0.9974,0.077,9.4,5
538,3.37,2.1,0.77,0.9972,0.084,10.7,6
539,3.2,5.8,0.66,1.0014,0.066,12,7
540,3.22,5.15,0.62,0.9996,0.1,11.2,5
541,3.26,3.3,0.67,0.9988,0.101,9.6,5
542,3.21,6.3,0.73,0.9988,0.064,11,6
543,3.12,2.1,0.59,0.9966,0.07,9.9,5
544,3.06,2.5,0.72,0.9993,0.085,11,6
545,2.86,1.8,0.79,1.0008,0.075,8.4,6
546,3.08,2.6,0.59,0.9982,0.094,9.1,5
547,3.45,2,0.78,0.9983,0.078,9.5,6
548,3.26,2.5,0.86,0.9987,0.067,10.7,6
549,3.12,2.6,0.75,0.9994,0.079,10.4,6
550,3.27,1.9,0.61,0.9975,0.171,9.4,6
551,3.33,2.1,0.56,0.9958,0.074,9.5,6
552,3.19,2.8,0.73,0.998,0.092,10,6
553,3.12,2.7,0.74,0.998,0.092,10,6
554,3.74,1.6,0.62,0.9934,0.05,11.5,5
555,2.92,4.2,0.74,1.00315,0.095,11.1,5
556,2.92,4.2,0.74,1.00315,0.095,11.1,5
557,3.07,4.6,0.56,1.0002,0.118,11.7,6
558,2.92,4.2,0.74,1.00315,0.095,11.1,5
559,3.07,4.6,0.56,1.0002,0.118,11.7,6
560,3.3,4.3,0.68,1.0021,0.085,12.7,6
561,3.14,2.8,0.57,0.9994,0.075,11.4,5
562,3.23,2.4,0.58,0.9978,0.078,9.2,5
563,3.08,2.9,0.61,0.9982,0.094,9.2,5
564,3.31,2.7,0.61,0.9971,0.092,10.1,6
565,3.3,4.3,0.68,1.0021,0.085,12.7,6
566,3.14,2.8,0.57,0.9994,0.075,11.4,5
567,3.32,2.5,0.6,0.9991,0.226,9,6
568,3.32,2.5,0.6,0.9991,0.226,9,6
569,3.31,2.6,0.79,0.999,0.25,10.7,6
570,3.57,2.2,0.57,0.9946,0.095,11.7,6
571,3.32,3.3,0.91,1.0003,0.07,11,6
572,3.57,2.2,0.57,0.9946,0.095,11.7,6
573,3.14,2.4,0.61,0.9978,0.075,10.4,5
574,3.3,2.1,0.56,0.9991,0.07,9.6,4
575,3.19,3.2,0.7,0.9992,0.078,10,6
576,3.2,3.1,0.8,0.9993,0.079,10.2,6
577,3.34,2.3,0.52,0.9978,0.103,10,4
578,3.3,2.8,0.6,0.9982,0.083,9.5,5
579,3.29,2.9,0.6,0.9982,0.085,9.8,5
580,3.14,2.2,0.51,0.9976,0.063,9.8,6
581,3.19,2.2,0.44,1.0002,0.089,9.6,5
582,3.19,2.2,0.44,1.0002,0.089,9.6,5
583,3.19,2.2,0.43,1,0.083,9.2,5
584,2.98,1.9,0.66,0.9976,0.074,9.9,7
585,3.3,3.4,0.76,1.0002,0.093,10.7,7
586,3.47,2.4,0.66,0.998,0.091,9.6,6
587,3.12,2.7,1.02,0.9986,0.094,10.6,7
588,3.26,1.9,0.59,0.9967,0.108,9.3,5
589,3.72,2,0.74,0.9917,0.06,14,8
590,3.05,2.6,0.74,0.9976,0.059,10.5,7
591,3.35,2.6,0.57,0.9987,0.084,9.7,5
592,3.12,1.7,0.5,0.9922,0.07,11.5,6
593,3.35,2.6,0.57,0.9987,0.084,9.7,5
594,3.29,3.5,0.58,1.0004,0.094,9,5
595,3.4,2.6,0.53,0.9978,0.096,9.5,5
596,3.27,7.9,0.57,0.9998,0.086,9.3,5
597,3.04,2,0.6,0.9994,0.059,9.3,6
598,3.09,1.9,0.63,0.998,0.071,10,6
599,3.2,2.1,0.48,0.9967,0.078,9.8,6
600,3,2.3,0.7,1,0.082,9.3,6
601,3.26,2.1,0.47,0.9962,0.088,10,4
602,3.1,2.2,0.56,1.0006,0.071,9,6
603,3.3,2.6,0.52,0.9975,0.081,9.3,5
604,3.1,2.2,0.56,1.0006,0.071,9,6
605,3.17,2.9,0.62,0.9984,0.096,9.1,6
606,3.31,2.6,0.59,0.9984,0.085,9.2,6
607,3.34,4.6,0.79,0.9973,0.072,12.2,7
608,3.31,3.3,0.53,0.9982,0.092,10.5,6
609,3.32,5.1,0.64,1.0026,0.11,10.4,6
610,3.56,3.2,0.52,0.9956,0.075,12.7,6
611,3.39,2.5,0.54,0.9983,0.083,9.2,5
612,2.98,2.7,0.54,1.0006,0.081,9.4,5
613,3.32,2.4,0.6,0.9965,0.077,10,6
614,3.26,1.5,0.74,0.9962,0.058,9.8,5
615,2.87,2.2,1.36,0.9969,0.148,10.2,6
616,3.5,2.3,0.57,0.9997,0.079,9.7,5
617,3.5,2.3,0.57,0.9997,0.079,9.7,5
618,3.03,2.2,0.93,0.9982,0.079,9.8,6
619,3.13,2.7,0.7,1.0006,0.122,10.2,5
620,3.09,2.3,0.8,0.9988,0.088,9.3,5
621,3.27,3.4,0.61,0.9976,0.076,9.4,5
622,3.28,3.4,0.62,0.9976,0.078,9.4,5
623,3.13,1.9,0.55,0.9974,0.08,9.5,5
624,3.49,2.9,0.96,0.9974,0.077,12.1,6
625,3.46,5.6,0.72,0.9997,0.124,10.2,5
626,3.46,5.6,0.72,0.9997,0.124,10.2,5
627,3.36,2.2,0.49,0.9988,0.098,9.1,5
628,3.36,2.2,0.49,0.9988,0.098,9.1,5
629,3.27,2.5,0.6,0.9976,0.097,9.3,6
630,3.21,2.3,0.61,0.9964,0.111,9.3,5
631,3.27,2.5,0.6,0.9976,0.097,9.3,6
632,3.25,2.7,0.63,0.9988,0.105,9.5,5
633,3.32,3,0.57,0.9964,0.087,10.5,6
634,3.43,3.4,0.64,1.001,0.105,11.3,4
635,3.27,1.9,0.58,0.9964,0.073,9.5,5
636,3.27,1.4,0.55,0.9954,0.065,9.7,5
637,3.24,2.4,0.53,0.9979,0.086,9.4,5
638,3.24,2.3,0.53,0.9978,0.084,9.4,5
639,3.35,2.2,0.65,0.9964,0.143,10.2,7
640,3.18,1.9,1.36,0.997,0.067,10.3,6
641,3.39,2.3,0.62,0.9991,0.071,9.4,5
642,3.46,2.3,0.63,0.9992,0.071,9.5,5
643,3.39,2.3,0.62,0.9991,0.071,9.4,5
644,3.46,2.3,0.63,0.9992,0.071,9.5,5
645,3.39,2.3,0.62,0.9991,0.071,9.4,5
646,3.37,6,0.69,0.9984,0.115,10.1,7
647,3.4,3.6,0.63,0.9972,0.107,10.1,5
648,3.32,2.2,0.58,0.9967,0.07,11,4
649,3.33,2.8,0.67,0.9964,0.066,11.2,7
650,3.16,8.6,0.57,0.9948,0.068,11.3,6
651,2.89,2.2,0.5,0.9986,0.106,9.6,5
652,3.41,2.5,0.67,1.001,0.104,11.2,5
653,2.98,7.5,0.84,0.9976,0.096,14.9,5
654,3.12,2.8,0.54,0.9976,0.079,12,6
655,3.08,2.4,0.46,0.9979,0.074,9.5,5
656,3.14,2.9,0.61,1.0004,0.087,9.4,5
657,2.89,2.2,0.5,0.9986,0.106,9.6,5
658,2.92,1.4,0.68,0.998,0.073,10.5,7
659,3.32,1.4,0.81,0.9973,0.074,9.6,6
660,3.41,4.4,0.57,0.997,0.096,11,4
661,3.32,1.4,0.81,0.9973,0.074,9.6,6
662,3.31,1.6,0.64,0.9978,0.08,9,5
663,3.36,1.6,0.7,0.9972,0.076,9.6,6
664,3.04,1.8,0.79,0.9974,0.05,10.2,6
665,3.03,2,0.66,1,0.092,10.2,5
666,3.14,2,0.56,0.9981,0.084,9.7,5
667,3.18,1.8,0.6,0.998,0.222,9.5,6
668,2.94,2,0.66,0.9988,0.082,9.2,6
669,3.15,2.3,0.57,0.9966,0.059,11,5
670,2.94,2,0.66,0.9988,0.082,9.2,6
671,3.26,2.5,0.58,0.9959,0.083,10,5
672,3.2,1.7,0.52,0.9968,0.074,9.5,5
673,3.15,2,0.53,0.998,0.079,9.5,5
674,3.2,1.7,0.52,0.9968,0.074,9.5,5
675,3.08,2.2,0.67,0.9984,0.084,9.3,6
676,3.26,2.2,0.65,0.9984,0.064,10.2,5
677,3.08,2.2,0.67,0.9984,0.084,9.3,6
678,3.4,2.3,0.48,0.9979,0.084,9.9,5
679,3.48,2.6,0.53,0.9983,0.081,10,5
680,3.13,3.3,0.54,0.9972,0.06,9.6,5
681,3.06,1.9,0.49,1.0004,0.07,9,5
682,3.21,2.2,0.49,0.9962,0.094,10.2,6
683,3.33,2.25,0.54,0.998,0.078,9.8,5
684,3.37,2.6,0.56,0.997,0.059,11.3,5
685,3.25,2.3,0.48,0.998,0.078,9.4,5
686,3.37,2.6,0.56,0.997,0.059,11.3,5
687,3.44,1.8,0.6,0.997,0.07,9.1,5
688,3.28,3.1,0.59,0.9998,0.095,9.7,5
689,3.4,1.6,0.47,0.9962,0.039,9.4,5
690,3.3,1.8,1.05,0.9976,0.157,9.4,5
691,3.63,4.25,0.54,0.9966,0.097,10.7,3
692,3.48,2.6,0.54,0.9998,0.087,9.8,5
693,3.03,2,1.17,0.9979,0.422,9,5
694,3.32,2.8,0.62,0.9984,0.084,9.4,5
695,3.31,2.7,0.61,0.9984,0.084,9.4,5
696,3.9,1.3,0.62,0.9921,0.034,12.8,6
697,3.47,2.1,0.67,0.9972,0.066,9.5,6
698,3.47,2.1,0.67,0.9972,0.066,9.5,6
699,3.31,3.2,0.53,1.0001,0.087,9.7,5
700,3.11,2.1,0.62,0.9986,0.071,10.8,6
701,3.08,2.9,0.57,0.9984,0.076,10.1,6
702,3.47,2.1,0.67,0.9972,0.066,9.5,6
703,3.47,2.1,0.67,0.997,0.067,9.4,6
704,3.32,2.6,0.7,0.9972,0.073,9.6,4
705,3.29,1.6,0.54,0.998,0.078,9.7,4
706,3.37,6,0.49,0.999,0.073,9.9,5
707,3.4,2,0.47,0.9956,0.093,10,5
708,3.37,3,0.51,0.9966,0.077,10.5,5
709,3.34,2.5,0.61,0.996,0.068,11.6,6
710,3.27,1.6,0.66,0.9983,0.062,10,6
711,3.06,2.8,0.57,0.9985,0.08,10.1,5
712,3.38,3,0.61,0.9998,0.093,9.5,5
713,3.36,3.2,0.45,0.9992,0.084,9.4,5
714,3.34,2.3,0.46,0.9976,0.075,9.4,5
715,3.28,2.6,0.51,0.998,0.078,9.8,5
716,3.29,2.7,0.48,0.9967,0.069,9.2,6
717,3.34,2.3,0.46,0.9976,0.075,9.4,5
718,3.21,2.6,0.57,0.9968,0.079,10,5
719,3.22,2,0.44,0.9976,0.082,9.6,5
720,3.46,3.9,0.54,0.9976,0.086,9.5,5
721,3.22,2,0.44,0.9976,0.082,9.6,5
722,3.1,2.85,0.53,0.9982,0.094,9.2,5
723,3.21,2.7,0.59,0.9968,0.084,10,5
724,2.94,2.2,1.62,0.9965,0.053,9.5,5
725,3.54,3.1,0.6,0.9958,0.086,11.2,4
726,3.29,3,0.55,0.9976,0.077,10.4,5
727,3.43,2.8,0.72,0.9994,0.084,11.1,6
728,3.46,1.8,0.68,0.997,0.067,9.5,5
729,3.46,1.8,0.68,0.997,0.067,9.5,5
730,3.61,3.2,0.49,0.995,0.071,12.7,6
731,3.17,2.3,0.67,0.9982,0.387,9.6,5
732,3.44,3.45,0.52,0.9994,0.088,11.5,5
733,3.39,2.1,0.47,0.9966,0.092,9.6,5
734,3.55,2.7,0.6,0.998,0.082,9.5,5
735,3.48,2,0.62,0.9987,0.075,9.3,5
736,3.26,2.1,0.5,0.9963,0.112,9.5,5
737,3.26,2.1,0.5,0.9963,0.112,9.5,5
738,3.5,2.5,0.65,1.0002,0.093,9.3,6
739,3.1,2.8,0.56,0.9983,0.092,9.2,5
740,3.35,2.4,0.6,0.999,0.088,9.3,5
741,3.45,4.2,0.68,0.9965,0.075,11.5,6
742,3.21,2.6,0.57,0.99788,0.078,9.5,5
743,3.46,1.9,0.65,0.9972,0.065,9.2,5
744,3.13,2.8,0.53,1.00024,0.096,10,5
745,3.13,2.7,0.51,1.0001,0.095,9.5,5
746,3.52,2.1,0.73,0.99768,0.07,9.5,6
747,3.3,2.5,0.47,0.9978,0.08,9,6
748,3.3,2.6,0.48,0.99782,0.083,9.4,5
749,3.52,2.1,0.72,0.99761,0.071,9.6,6
750,3.52,2.1,0.73,0.99768,0.07,9.5,6
751,3.29,2.9,0.55,0.99803,0.089,9.5,5
752,3.29,2.9,0.55,0.99803,0.089,9.5,5
753,3.39,2.5,0.61,0.99785,0.097,9.4,5
754,3.29,2.9,0.55,0.99803,0.089,9.5,5
755,3.09,1.7,1.06,0.99656,0.415,9.1,6
756,3.51,1.9,0.43,0.99525,0.058,10.7,6
757,3.6,2,0.46,0.99488,0.057,11.2,6
758,3.25,2.2,0.5,0.99656,0.084,9.8,5
759,3.25,2.2,0.5,0.99656,0.084,9.8,5
760,3.19,2.5,0.52,0.99823,0.092,9.2,5
761,3.23,2.8,0.57,0.99779,0.075,9.7,5
762,3.25,2,0.42,0.99738,0.096,9.6,5
763,3.31,1.7,0.53,0.99701,0.069,10,6
764,3.25,2,0.42,0.99738,0.096,9.6,5
765,3.31,2.8,0.55,0.99888,0.093,9.5,6
766,3.31,3,0.54,0.99888,0.091,9.5,6
767,3.14,2.9,0.54,0.99738,0.089,9.4,5
768,3.45,2.7,0.62,0.99938,0.103,9.5,5
769,3.55,2.3,0.53,0.99744,0.082,9.7,6
770,3.39,1.9,0.54,0.99668,0.076,9.6,5
771,3.55,2.3,0.53,0.99744,0.082,9.7,6
772,3.28,2.4,0.55,0.9978,0.082,9.4,5
773,3.27,2.3,0.55,0.99782,0.082,9.4,5
774,3.3,1.8,0.92,0.9973,0.157,9.5,6
775,3.31,1.8,0.91,0.99727,0.157,9.5,6
776,3.43,3,0.46,0.99586,0.102,10,5
777,3.4,2.4,0.6,0.99612,0.243,10.3,6
778,3.4,2.4,0.59,0.9961,0.241,10.3,6
779,3.36,3.4,0.61,0.99788,0.079,10.5,5
780,3.5,2.6,0.6,0.99745,0.076,9.8,5
781,3.31,2,0.6,0.99676,0.19,9.4,6
782,3.66,2.4,0.65,0.99732,0.114,9.8,5
783,3.36,2.4,0.53,0.99814,0.081,10,5
784,3.66,2.4,0.65,0.99732,0.114,9.8,5
785,3.55,2.5,0.59,0.99746,0.077,9.8,5
786,3.21,2.3,0.5,0.9982,0.083,9.5,5
787,3.21,2.3,0.5,0.9982,0.083,9.5,5
788,3.18,2.2,0.56,0.9991,0.079,10.1,6
789,3.18,2.2,0.56,0.9991,0.079,10.1,6
790,3.09,2.9,0.52,0.998,0.099,9.3,5
791,3.33,2.6,0.68,0.99708,0.082,9.7,6
792,3.23,2.9,0.54,0.99818,0.084,9.6,5
793,3.48,2.5,0.6,0.99745,0.081,9.7,6
794,3.38,2.6,0.56,0.99639,0.055,10.8,5
795,3.17,2.3,0.53,0.99531,0.065,12.5,6
796,2.99,2.6,1.18,0.99786,0.132,10.2,5
797,3.1,2.5,0.74,0.99746,0.126,9.6,5
798,3.24,1.6,0.81,0.99526,0.038,10.8,7
799,3.29,3.6,0.52,0.9987,0.082,10.7,6
800,3.29,3.6,0.52,0.9987,0.082,10.7,6
801,3.25,4,0.51,0.99641,0.082,9.4,5
802,3.23,3.3,0.44,0.99735,0.068,10,5
803,3.56,1.7,0.94,0.99264,0.044,12.9,7
804,3.24,2.5,0.66,0.9971,0.114,9.6,6
805,3.26,2.7,0.57,0.99682,0.084,9.9,6
806,3.33,2.4,0.7,0.99356,0.052,12.8,7
807,3.27,2,0.71,0.99386,0.041,12.5,7
808,3.33,2.4,0.7,0.99356,0.052,12.8,7
809,3.26,1.9,0.86,0.99702,0.165,9.2,5
810,3.22,2.8,0.55,0.99693,0.07,10.3,6
811,3.3,2.6,0.47,0.99562,0.068,10.5,5
812,3.09,2.8,0.68,1.00012,0.072,10.9,6
813,3.24,2.5,0.71,0.99818,0.099,10.8,5
814,3.44,2.1,0.58,0.99462,0.102,11.4,4
815,3.21,2.8,0.76,0.99939,0.103,11.3,6
816,3.24,2.5,0.71,0.99818,0.099,10.8,5
817,3.23,3.2,0.58,0.9984,0.081,10.5,6
818,3.28,1.6,0.73,0.99545,0.084,11.9,6
819,3.29,2.35,0.45,0.99632,0.071,9.4,5
820,3.28,3.2,0.54,0.99976,0.097,9.6,5
821,3.34,1.9,0.6,0.99606,0.099,9.7,5
822,3.71,2.1,0.74,0.99154,0.048,14,7
823,3.61,2,0.64,0.9973,0.076,9.8,5
824,3.61,2,0.64,0.9973,0.076,9.8,5
825,3.24,2.8,0.53,0.99682,0.068,10.3,5
826,3.36,2.8,0.49,0.99624,0.076,10.7,5
827,3.4,2.3,0.64,0.9951,0.05,11,7
828,3.36,2.8,0.49,0.99624,0.076,10.7,5
829,3.46,2.3,0.74,0.99417,0.065,12.7,8
830,3.56,2.1,0.77,0.99376,0.071,11.1,6
831,3.38,2.5,0.55,0.99632,0.058,10.9,4
832,3.56,2.1,0.77,0.99376,0.071,11.1,6
833,3.38,1.5,0.86,0.99832,0.145,9.9,3
834,3.38,1.6,0.86,0.99836,0.147,9.9,4
835,3.32,1.6,0.47,0.99694,0.088,9.4,5
836,3.39,1.5,0.51,0.99655,0.066,9.3,5
837,3.26,2.4,0.39,0.99064,0.012,11.7,7
838,3.26,2.4,0.39,0.99064,0.012,11.7,7
839,3.24,1.6,0.83,0.99672,0.075,11.2,7
840,3.46,2.2,0.47,0.99647,0.092,10,5
841,3.24,2.65,0.77,0.99736,0.085,12.1,7
842,3.45,3,0.63,0.99629,0.115,10.3,5
843,3.23,2.6,0.72,0.99708,0.119,10.9,6
844,3.28,2,0.62,0.9963,0.088,9.4,5
845,3.18,1.7,0.83,0.9959,0.062,10.6,6
846,3.59,1.8,0.66,0.99689,0.081,9.8,5
847,3.59,1.8,0.66,0.99689,0.081,9.8,5
848,3.5,1.8,0.7,0.9977,0.078,9.9,6
849,3.59,1.8,0.66,0.99689,0.081,9.8,5
850,3.58,1.6,0.66,0.99689,0.08,9.8,5
851,3.28,1.9,0.55,0.99708,0.085,9.5,5
852,3.28,1.9,0.55,0.99708,0.085,9.5,5
853,3.22,2.5,1.07,0.99801,0.08,9.7,5
854,3.47,1.5,0.73,0.99652,0.08,10.9,6
855,3.47,1.5,0.73,0.99652,0.08,10.9,6
856,3.51,2.5,0.71,0.99538,0.071,11.7,7
857,3.47,1.5,0.73,0.99652,0.08,10.9,6
858,3.4,2.5,0.78,0.99594,0.073,11.3,7
859,3.15,1.7,0.67,0.99686,0.054,10.6,7
860,3.4,1.8,0.82,0.99438,0.074,11.2,6
861,3.51,2.7,0.54,0.99746,0.077,9.5,5
862,3.66,2,0.6,0.99357,0.039,11.5,6
863,3.24,2.7,0.44,0.99628,0.067,10.4,5
864,3.51,2.5,0.53,0.99746,0.078,9.7,5
865,3.51,2.7,0.54,0.99746,0.077,9.5,5
866,3.51,2.6,0.54,0.99748,0.077,9.7,5
867,3.41,2.3,0.83,0.99438,0.071,11.3,6
868,3.4,2,0.84,0.99438,0.072,11.2,6
869,3.4,1.8,0.82,0.99438,0.074,11.2,6
870,3.44,2,0.64,0.99578,0.08,10.9,6
871,3.41,2.1,0.57,0.99371,0.064,11.8,6
872,3.53,1.5,0.57,0.99522,0.086,10.6,5
873,3.43,2,0.54,0.99576,0.067,10,4
874,3.23,1.6,0.58,0.99552,0.067,11.1,7
875,3.12,2.1,0.65,0.99664,0.104,11.8,7
876,3.31,2.8,0.79,0.99614,0.109,11.8,7
877,3.4,2.2,0.58,0.99517,0.067,10.9,4
878,3.41,2.1,0.57,0.99371,0.064,11.8,6
879,3.22,4,0.5,0.99787,0.094,10,6
880,3.53,2.5,0.55,0.99745,0.076,9.5,5
881,3.15,1.6,0.49,0.99576,0.078,9.9,5
882,3.48,2.1,0.65,0.99533,0.068,11.4,6
883,3.22,3.1,0.78,0.99536,0.194,12,6
884,3.53,2.5,0.55,0.99745,0.076,9.5,5
885,3.22,4,0.5,0.99787,0.094,10,6
886,3.34,2.5,0.64,0.99824,0.086,10.5,5
887,3.33,2.4,0.65,0.99836,0.083,10.4,6
888,3.15,2.6,0.79,0.99577,0.066,12.1,7
889,3.43,2.5,0.56,0.99491,0.072,11.2,6
890,3.22,6.6,0.68,1.00289,0.112,9.3,5
891,3.44,2,0.58,0.99576,0.071,10.1,5
892,3.53,2.3,0.57,0.99743,0.078,9.7,5
893,3.22,1.9,0.65,0.99774,0.082,9.3,6
894,3.53,2.3,0.57,0.99743,0.078,9.7,5
895,3.53,2.2,0.58,0.99745,0.08,9.8,6
896,3.42,2.3,0.58,0.9955,0.08,10.7,6
897,3.31,2.4,0.77,0.99444,0.078,12.5,7
898,3.42,2.3,0.58,0.9955,0.08,10.7,6
899,3.31,2.4,0.77,0.99444,0.078,12.5,7
900,3.48,3.4,0.49,0.99892,0.084,11,3
901,3.4,2.6,0.69,0.99562,0.056,11.8,5
902,3.58,2.4,0.69,0.99736,0.08,10.8,7
903,3.58,2.4,0.69,0.99736,0.08,10.8,7
904,3.41,6,0.59,0.9962,0.06,10.8,7
905,3.41,6,0.59,0.9962,0.06,10.8,7
906,3.23,3,0.59,0.998,0.081,9.5,5
907,3.39,2.6,0.71,0.9964,0.084,11,5
908,3.59,2.2,0.54,0.9948,0.079,11.5,6
909,3.43,2.4,0.59,0.99528,0.078,10.8,6
910,3.29,1.2,0.52,0.99331,0.059,11.5,6
911,3.23,3.8,0.57,0.99577,0.132,13.2,6
912,3.18,9,0.6,0.99901,0.114,10.9,6
913,3.33,2.9,0.62,0.99674,0.065,12.2,6
914,3.27,4.6,0.64,0.99639,0.094,12.2,7
915,3.29,1.2,0.52,0.99331,0.059,11.5,6
916,3.27,2.2,0.67,0.99512,0.079,11.9,6
917,3.62,1.5,0.61,0.99395,0.161,11,5
918,3.38,8.8,0.64,0.99824,0.084,10.1,6
919,3.3,2.2,0.72,0.9964,0.081,11,6
920,3.38,1.8,0.89,0.99504,0.072,11.8,6
921,3.24,2.3,0.56,0.99786,0.091,10.5,5
922,3.3,2.2,0.72,0.9964,0.081,11,6
923,3.38,1.8,0.89,0.99504,0.072,11.8,6
924,3.38,8.8,0.64,0.99824,0.084,10.1,6
925,3.18,2.3,0.8,0.99516,0.055,11.2,5
926,3.47,1.9,0.87,0.99604,0.064,11,7
927,3.47,2.3,0.9,0.99786,0.061,10.2,6
928,3.2,2.2,0.59,0.99736,0.093,9.2,4
929,3.18,2.3,0.8,0.99516,0.055,11.2,5
930,3.3,3.3,0.73,0.99468,0.063,12,7
931,3.69,1.9,0.73,0.99746,0.08,10.5,5
932,3.48,2,0.65,0.99748,0.074,9.8,5
933,3.45,1.9,0.59,0.9971,0.078,9.5,6
934,3.48,2,0.65,0.99748,0.074,9.8,5
935,3.69,1.9,0.73,0.99746,0.08,10.5,5
936,3.39,2.3,0.72,0.99543,0.06,11.8,6
937,3.39,2.3,0.72,0.99543,0.06,11.8,6
938,3.07,1.4,0.6,0.99791,0.071,10.4,4
939,3.34,2.8,0.72,0.99356,0.068,12.9,7
940,3.61,1.6,0.54,0.99425,0.073,11.4,5
941,3.36,2.2,0.76,0.99509,0.074,12.4,7
942,3.19,5,0.52,0.99484,0.082,12.5,7
943,3.22,2.6,0.64,0.99834,0.092,10,7
944,3.24,2.3,0.6,0.99864,0.094,9.7,7
945,3.27,3.8,0.64,0.99498,0.09,12.1,7
946,3.14,2,0.79,0.99566,0.071,11.1,7
947,3.29,4.1,0.99,0.99745,0.092,12,7
948,3.26,2.1,0.62,0.99408,0.093,12.4,7
949,3.41,1.8,0.76,0.99552,0.075,11.9,7
950,3.41,1.8,0.76,0.99552,0.075,11.9,7
951,3.41,1.8,0.76,0.99552,0.075,11.9,7
952,3.26,2.1,0.62,0.99408,0.093,12.4,7
953,3.31,2.2,0.68,0.99536,0.058,11.2,7
954,3.2,2.1,0.69,0.99458,0.052,12.1,7
955,3.44,2.7,0.54,0.99538,0.082,12.2,6
956,3.36,1.9,0.67,0.99648,0.09,10.4,5
957,3.31,2.1,0.62,0.99568,0.111,11.3,6
958,3.29,2,0.58,0.99613,0.088,11.1,6
959,3.47,2.3,0.71,0.99519,0.12,11.3,7
960,3.36,2,0.61,0.99735,0.089,10,5
961,3.16,1.9,0.85,0.99518,0.058,11.1,6
962,3.27,1.6,0.62,0.99592,0.078,9.3,5
963,3.38,2.1,0.69,0.99654,0.115,9.5,5
964,3.15,2,0.69,0.99546,0.1,11.2,6
965,3.16,1.9,0.85,0.99518,0.058,11.1,6
966,3.34,2.4,0.86,0.99554,0.065,11,6
967,3.13,2.4,0.58,0.99604,0.103,11.9,7
968,3.13,2.1,0.48,0.99733,0.097,9.2,5
969,3.2,2.4,0.6,0.9943,0.068,12.2,6
970,3.46,2.9,0.61,0.99669,0.079,10.2,5
971,3.33,1.9,0.87,0.99724,0.066,10.9,6
972,3.33,1.9,0.87,0.99724,0.066,10.9,6
973,3.22,2.4,0.65,0.99643,0.104,11.6,7
974,3.52,1.7,0.63,0.99605,0.079,10.7,5
975,3.3,5.9,0.62,0.99658,0.073,12.1,7
976,3.44,2.1,0.52,0.997,0.083,9.4,5
977,3.44,2.1,0.52,0.997,0.083,9.4,5
978,3.15,2.6,0.5,0.99801,0.109,9.1,5
979,3.28,3.6,0.49,0.99416,0.061,11.3,7
980,3.13,1.4,0.63,0.9969,0.075,10.4,5
981,3.32,1.9,0.71,0.99774,0.065,10.5,6
982,3.25,1.9,0.62,0.99712,0.079,10,5
983,3.34,2.1,0.82,0.99418,0.07,12.9,6
984,3.32,1.9,0.71,0.99774,0.065,10.5,6
985,3.13,1.4,0.63,0.9969,0.075,10.4,5
986,3.45,2,0.58,0.99562,0.064,11.3,6
987,3.19,1.4,0.55,0.9947,0.066,11.4,7
988,3.44,1.6,0.5,0.99693,0.08,9.4,5
989,3.16,1.7,0.49,0.99596,0.097,9.4,5
990,3.14,1.5,0.51,0.99556,0.073,10.9,6
991,3.16,1.7,0.49,0.99596,0.097,9.4,5
992,3.45,2,0.48,0.99694,0.082,9.4,5
993,3.36,2,0.48,0.99554,0.076,9.4,6
994,3.45,2,0.48,0.99694,0.082,9.4,5
995,3.15,2.5,0.43,0.99918,0.092,9.4,5
996,3.39,2,0.62,0.99697,0.079,10.1,6
997,3.71,2.2,0.63,0.99378,0.087,12.8,7
998,3.71,2.2,0.63,0.99378,0.087,12.8,7
999,3.12,1.4,0.48,0.99554,0.05,9.1,6
1000,3.47,1.65,0.53,0.99162,0.055,12.9,6
1001,3.44,2.2,0.72,0.99495,0.062,11.5,7
1002,3.26,1.5,0.82,0.99676,0.058,10.6,7
1003,3.26,2.05,0.84,0.99516,0.063,11.7,7
1004,3.36,1.8,0.55,0.9928,0.067,12.8,7
1005,3.25,1.6,0.54,0.99603,0.081,10.3,5
1006,3.36,1.8,0.55,0.9928,0.067,12.8,7
1007,3.26,2.05,0.84,0.99516,0.063,11.7,7
1008,3.26,2,0.84,0.99516,0.064,11.7,7
1009,3.23,3.6,0.7,0.99549,0.11,12,7
1010,3.18,2.8,0.68,0.99722,0.116,10.9,5
1011,3.25,1.7,0.55,0.99354,0.067,12.3,7
1012,3.17,2,0.55,0.9957,0.088,10.4,6
1013,3.23,2.1,0.48,0.99604,0.102,10,5
1014,3.38,1.6,0.58,0.99635,0.092,10,6
1015,3.22,2,0.58,0.99454,0.12,11.2,6
1016,3.06,2.2,0.84,0.99598,0.075,11.4,6
1017,3.27,2.2,0.75,0.99486,0.068,12.6,7
1018,2.89,0.9,0.44,0.99007,0.049,12.7,6
1019,2.89,0.9,0.44,0.99007,0.049,12.7,6
1020,3.53,1.8,0.61,0.99636,0.078,10.4,5
1021,3.2,2.4,0.53,0.99642,0.123,11.9,6
1022,3.2,2.4,0.53,0.99642,0.123,11.9,6
1023,3.35,2.1,0.54,0.99584,0.062,10.5,5
1024,3.27,2.3,0.55,0.99506,0.098,12.3,6
1025,3.32,1.8,0.56,0.99568,0.088,10.5,7
1026,3.33,2.8,0.6,0.99822,0.095,10.4,6
1027,3.41,1.9,0.56,0.99364,0.066,12.6,6
1028,3.49,2.2,0.52,0.99378,0.065,11.6,5
1029,3.37,2.5,0.54,0.99586,0.075,10.1,6
1030,3.32,1.8,0.56,0.99568,0.088,10.5,7
1031,3.42,2.1,0.55,0.99488,0.091,11.5,7
1032,3.35,1.8,0.58,0.99514,0.093,11,7
1033,3.36,4.1,0.53,0.99854,0.095,9.6,5
1034,3.3,2.6,0.59,0.99592,0.089,10.4,6
1035,3.2,2.5,0.47,0.99739,0.077,9.7,6
1036,3.17,2.4,0.65,0.99683,0.085,10.6,7
1037,3.22,2.5,0.59,0.99356,0.082,12.5,7
1038,3.35,1.8,0.56,0.99672,0.074,9.2,5
1039,3.24,6.2,0.77,0.9953,0.078,12.6,7
1040,3.33,2.2,0.83,0.99692,0.088,11.1,6
1041,3.58,2.2,0.67,0.99756,0.088,10.2,5
1042,3.38,1.7,0.64,0.99547,0.079,9.8,6
1043,3.33,2.2,0.83,0.99692,0.088,11.1,6
1044,3.29,8.9,0.81,0.99859,0.069,10.9,7
1045,3.36,3.3,0.62,0.99294,0.046,12.2,6
1046,3.32,1.4,0.58,0.99438,0.07,11.4,6
1047,3.31,1.7,0.62,0.99612,0.076,10.7,6
1048,3.49,1.8,0.64,0.99634,0.082,10.4,5
1049,3.27,1.7,0.78,0.99702,0.081,10.9,6
1050,3.27,1.8,0.77,0.99704,0.084,10.8,6
1051,3.49,1.8,0.64,0.99634,0.082,10.4,5
1052,3.03,1.4,1.34,0.99702,0.414,9.2,5
1053,3.56,2.4,0.55,0.99258,0.073,12.9,5
1054,3.38,2.3,0.77,0.99426,0.07,12.7,7
1055,3.13,2,0.62,0.99747,0.095,9.1,6
1056,3.13,2,0.62,0.99747,0.095,9.1,6
1057,3.21,4,0.59,0.99586,0.101,12.1,7
1058,3.15,3.9,0.57,0.99784,0.104,9.1,5
1059,3.19,2.4,0.76,0.9971,0.093,11.6,7
1060,3.21,4,0.59,0.99586,0.101,12.1,7
1061,3.14,1.8,0.7,0.9981,0.074,9.9,6
1062,3.21,1.8,0.69,0.99462,0.071,12.5,8
1063,3.3,1.9,0.64,0.9956,0.098,11.4,6
1064,3.22,2.4,0.63,0.99565,0.075,11.8,6
1065,3.28,2,0.57,0.99418,0.067,11.8,6
1066,3.29,2.4,0.6,0.9963,0.083,10.2,6
1067,3.4,2.4,0.72,0.99358,0.07,12.5,7
1068,3.02,2.2,0.83,0.99572,0.06,10.9,7
1069,3.02,2.2,0.83,0.99572,0.06,10.9,7
1070,3.31,2.8,0.62,0.997,0.086,10.8,5
1071,3.18,1.5,0.89,0.99498,0.057,11.1,7
1072,3.2,8.1,0.58,0.99892,0.098,9.2,5
1073,3.4,1.8,0.58,0.9968,0.083,9.5,6
1074,3.31,2.7,0.58,0.9972,0.088,10.7,6
1075,3.2,8.1,0.58,0.99892,0.098,9.2,5
1076,3.44,2,0.86,0.99769,0.071,10.2,7
1077,3.15,2,0.73,0.99534,0.073,11.4,6
1078,3.27,6.4,0.58,0.99817,0.08,11,5
1079,3.27,6.4,0.58,0.99817,0.08,11,5
1080,3.01,8.3,0.51,0.99316,0.05,12.3,7
1081,3.16,1.4,0.51,0.99471,0.047,11.8,6
1082,3.01,8.3,0.51,0.99316,0.05,12.3,7
1083,3.42,1.8,0.59,0.99685,0.073,9.5,6
1084,3.33,2.4,0.77,0.99617,0.072,12,6
1085,3.42,1.8,0.59,0.99685,0.073,9.5,6
1086,3.12,1.8,0.49,0.99529,0.074,9.6,5
1087,3.38,4.7,0.66,0.99738,0.055,11.6,7
1088,3.29,1.6,0.69,0.994,0.057,11.2,6
1089,3.02,1.5,0.76,0.99735,0.095,9.9,7
1090,3.02,1.5,0.76,0.99735,0.095,9.9,7
1091,2.98,1.9,0.63,0.99451,0.083,11.8,8
1092,3.35,2,0.6,0.99546,0.086,11.4,6
1093,3.43,2,0.59,0.99479,0.081,11.5,6
1094,3.33,2.2,0.86,0.99615,0.079,12,7
1095,3.35,5.5,0.49,0.99655,0.117,10.8,6
1096,3.15,2.5,0.5,0.99772,0.087,10.5,5
1097,3.35,5.5,0.49,0.99655,0.117,10.8,6
1098,3.2,1.5,0.52,0.99666,0.096,9.4,5
1099,3.15,2.1,0.81,0.99358,0.216,12.5,7
1100,3.2,1.5,0.52,0.99666,0.096,9.4,5
1101,3.11,2.1,0.78,0.99392,0.072,12.4,6
1102,3.35,2.1,0.63,0.99388,0.071,12,6
1103,3.45,1.7,0.54,0.99402,0.078,11.2,6
1104,3.35,2.1,0.63,0.99388,0.071,12,6
1105,3.28,2.2,0.66,0.9936,0.073,12.4,6
1106,3.41,2.1,0.6,0.99374,0.048,12.8,5
1107,3.21,1.9,0.54,0.99376,0.069,12.3,6
1108,3.27,2,0.85,0.99523,0.068,11.7,7
1109,3.36,3.3,0.49,0.99855,0.09,9.5,5
1110,3.17,2.1,0.76,0.9982,0.171,10.8,6
1111,3.25,1.4,0.64,0.99593,0.07,10,6
1112,3.78,2,0.64,0.99471,0.092,12.3,7
1113,3.29,1.5,0.71,0.99396,0.056,11,6
1114,3.12,1.6,0.59,0.99698,0.074,9.5,6
1115,3.49,4.3,0.66,0.9902,0.046,13.6,6
1116,3.38,2.5,0.6,0.99572,0.091,11.3,6
1117,3.38,2.5,0.6,0.99572,0.091,11.3,6
1118,3.38,2.5,0.6,0.99572,0.091,11.3,6
1119,3.3,2.1,0.53,0.99252,0.065,13.3,6
1120,3.52,2.5,0.58,0.99256,0.066,12.9,5
1121,3.2,2.5,0.72,0.99235,0.076,13.1,8
1122,3.44,1.8,0.55,0.99352,0.062,12.3,6
1123,3.45,1.4,0.48,0.9922,0.055,12.3,6
1124,3.12,1.9,0.65,0.99674,0.081,11.2,6
1125,3.62,2.2,0.62,0.99557,0.096,11.5,4
1126,3.14,1.7,0.59,0.99394,0.055,11.3,7
1127,3.39,1.7,0.54,0.9915,0.063,13.5,6
1128,3.51,2.9,0.6,0.99379,0.072,11.5,6
1129,3.22,2.7,0.68,0.9984,0.095,10,5
1130,3.21,3.3,0.69,0.99798,0.092,10.5,6
1131,3.18,1.9,0.63,0.9977,0.058,10.4,6
1132,3.32,1.7,0.44,0.99341,0.045,9.5,5
1133,3.38,1.8,0.88,0.9933,0.075,13.6,7
1134,3.37,5.5,0.68,0.99684,0.089,11.2,7
1135,3.3,1.7,0.74,0.99524,0.061,11.8,7
1136,3.38,1.7,0.6,0.9946,0.067,11.9,6
1137,3.22,2,0.76,0.99774,0.08,11.4,6
1138,3.22,2,0.76,0.99774,0.08,11.4,6
1139,3.14,3.7,0.58,0.99786,0.104,9.1,5
1140,3.34,2,0.64,0.99764,0.079,9.5,6
1141,3.41,1.7,0.65,0.9969,0.08,9.5,6
1142,3.27,2.5,0.85,0.99624,0.08,11,6
1143,3.3,2.4,0.65,0.99354,0.043,11.4,6
1144,3.61,1.8,0.82,0.99672,0.065,10,6
1145,3.43,2.3,0.62,0.99588,0.066,10.1,5
1146,3.53,2.5,0.81,0.99672,0.076,10.4,6
1147,3.28,1.8,0.87,0.996,0.178,9.8,6
1148,3.21,6.2,0.49,0.99702,0.071,11.8,7
1149,3.39,2,0.66,0.99526,0.086,11.6,6
1150,3.23,2,0.52,0.99585,0.061,12,6
1151,3.3,2.8,0.76,0.99473,0.067,12.8,7
1152,3.46,2.5,0.65,0.99352,0.044,12.5,6
1153,3.15,2.2,0.53,0.99616,0.118,9.8,5
1154,3.23,2.1,0.66,0.99622,0.083,11.1,6
1155,3.59,2.2,0.68,0.99544,0.1,11.4,6
1156,3.15,2.2,0.53,0.99616,0.118,9.8,5
1157,3.33,1.75,0.76,0.99524,0.071,11.8,7
1158,3.46,2.1,0.87,0.9924,0.042,12.9,7
1159,3.42,2.8,1.16,0.99572,0.076,10.6,6
1160,3.16,2.2,0.67,0.99728,0.11,10.8,5
1161,3.14,2.3,0.72,0.99676,0.087,11.1,7
1162,3.21,1.4,0.75,0.99551,0.076,10.2,6
1163,3.14,2.3,0.71,0.99434,0.075,11.8,7
1164,3.29,1.7,0.67,0.99692,0.078,10,5
1165,3.29,1.7,0.67,0.99692,0.078,10,5
1166,3.01,1.9,1.1,0.99634,0.369,9.4,5
1167,2.94,2,0.98,0.99709,0.111,10.2,5
1168,3.32,2.5,0.88,0.99528,0.074,12.4,7
1169,3.21,2.8,0.56,0.99384,0.067,12,6
1170,3.32,2.3,0.62,0.99502,0.086,11.5,6
1171,3.2,1.6,0.67,0.99667,0.062,10.5,6
1172,3.42,2.2,0.68,0.99522,0.078,10.8,6
1173,3.27,2.1,0.74,0.99649,0.074,12.3,6
1174,3.46,1.7,0.62,0.99716,0.079,9.5,6
1175,3.46,1.7,0.62,0.99716,0.079,9.5,6
1176,3.61,2.2,0.7,0.99541,0.095,11.5,6
1177,3.58,5.6,0.5,0.99572,0.079,11.2,4
1178,3.35,2.4,0.66,0.99318,0.052,12.7,7
1179,3.68,2.1,0.73,0.99346,0.041,11.4,5
1180,3.27,2.4,0.81,0.99599,0.076,11,6
1181,3.27,2.4,0.81,0.99599,0.076,11,6
1182,3.19,1.65,0.46,0.99478,0.068,11.4,5
1183,3.38,2.5,0.86,0.99754,0.068,10.5,6
1184,3.29,1.6,0.6,0.99572,0.07,9.3,5
1185,3.36,2.1,0.7,0.99538,0.08,10.9,5
1186,3.33,2,0.46,0.99346,0.085,11.9,6
1187,3.52,7.8,0.5,0.9963,0.079,12.2,5
1188,3.33,2,0.46,0.99346,0.085,11.9,6
1189,3.36,2.1,0.7,0.99538,0.08,10.9,5
1190,3.3,1.8,0.44,0.99616,0.075,9.6,4
1191,3.28,4.6,0.57,0.99652,0.08,12.5,6
1192,3.56,2.3,0.51,0.99551,0.166,10.8,5
1193,3.52,2.5,0.8,0.99439,0.063,12.4,7
1194,3.56,2.3,0.51,0.99551,0.166,10.8,5
1195,3.22,1.8,0.59,0.99588,0.114,9.5,6
1196,3.52,1.8,0.6,0.99633,0.078,9.5,6
1197,3.21,2.3,0.58,0.99686,0.076,9.5,6
1198,3.16,1.5,0.54,0.99458,0.069,9.8,6
1199,3.15,2,0.79,0.9951,0.052,10.9,6
1200,3.21,2.3,0.58,0.99686,0.076,9.5,6
1201,3.16,1.5,0.54,0.99458,0.069,9.8,6
1202,3.27,1.9,0.54,0.99419,0.065,11.2,7
1203,3.35,1.8,0.69,0.99516,0.068,11.7,8
1204,3.14,5.8,0.55,0.99878,0.111,9.4,5
1205,3.4,2.1,0.85,0.99534,0.074,11,7
1206,3.4,2.1,0.85,0.99534,0.074,11,7
1207,3.4,2.1,0.85,0.99534,0.074,11,7
1208,3.35,1.7,0.94,0.99752,0.136,10,5
1209,3.4,2.1,0.85,0.99534,0.074,11,7
1210,3.45,2,0.87,0.99428,0.071,11.2,7
1211,3.35,2.1,0.62,0.99498,0.078,10.4,6
1212,3.32,2.1,0.62,0.9957,0.076,9.3,5
1213,3.35,2.1,0.62,0.99498,0.078,10.4,6
1214,3.15,1.9,0.75,0.99659,0.071,10.5,6
1215,3.1,1.9,0.48,0.99628,0.081,10.4,6
1216,3.26,2.1,0.56,0.99488,0.095,11.3,6
1217,3.29,2,0.69,0.99677,0.079,9.5,6
1218,3.23,1.9,0.81,0.99408,0.057,12,6
1219,3.24,1.9,0.69,0.996,0.082,10.6,6
1220,3.2,1.3,0.83,0.99478,0.044,10.9,6
1221,3.28,1.8,0.77,0.99734,0.132,11.5,6
1222,3.28,1.8,0.77,0.99734,0.132,11.5,6
1223,3.26,2.2,0.46,0.99678,0.078,9.6,6
1224,3.23,2.2,0.76,0.99638,0.074,12,6
1225,3.07,2.5,0.82,0.9992,0.08,10.3,6
1226,3.15,2.6,0.51,0.99922,0.091,9.4,5
1227,3.02,4.1,0.47,0.99592,0.08,9.2,5
1228,3.27,2,0.72,0.99769,0.104,9.6,5
1229,3.68,1.8,0.73,0.99157,0.044,13.6,7
1230,3.4,2.1,0.64,0.99718,0.075,9.5,5
1231,3.37,2.7,0.78,0.9947,0.066,11.8,6
1232,3.38,2.6,0.62,0.99621,0.074,10.8,5
1233,3.4,2.1,0.64,0.99718,0.075,9.5,5
1234,3.23,2.2,0.49,0.99614,0.057,9.3,4
1235,3.39,2.2,0.4,0.99242,0.059,12.8,6
1236,3.3,12.9,0.56,0.99572,0.054,11.5,4
1237,3.26,1.7,0.64,0.99659,0.07,9.4,6
1238,3.39,2.2,0.4,0.99242,0.059,12.8,6
1239,3.38,2.5,0.46,0.99798,0.081,9.6,4
1240,3.45,4.3,0.56,0.99488,0.057,11.8,4
1241,3.1,1.7,0.4,0.99494,0.076,9.3,5
1242,3.16,2.5,0.59,0.99729,0.079,9.8,5
1243,3.22,2,0.6,0.99414,0.058,12.2,6
1244,3.37,2.4,0.62,0.9983,0.082,9.5,5
1245,3.33,13.4,0.54,0.99721,0.067,10.3,6
1246,3.49,1.8,0.68,0.99655,0.082,10.5,5
1247,3.12,1.7,0.48,0.99502,0.086,10,5
1248,3.49,1.8,0.68,0.99655,0.082,10.5,5
1249,3.41,2.2,0.75,0.9949,0.081,11.1,6
1250,3.4,2.3,0.61,0.99514,0.079,10.9,6
1251,3.4,2.3,0.61,0.99514,0.079,10.9,6
1252,3.28,2.2,0.59,0.9963,0.077,9.8,5
1253,3.45,1.8,0.58,0.99627,0.123,9.8,5
1254,3.43,1.4,0.58,0.99569,0.096,9.5,5
1255,3.4,1.9,0.69,0.99628,0.079,10.9,5
1256,3.47,2.4,0.45,0.99358,0.069,11,5
1257,3.1,1.8,0.42,0.99499,0.082,9.2,5
1258,3.32,4.8,0.7,0.99633,0.085,11,6
1259,3.44,2.7,0.63,0.99538,0.123,11.3,6
1260,3.44,2.7,0.63,0.99538,0.123,11.3,6
1261,3.02,1.8,1.15,0.99632,0.403,9.3,5
1262,3.59,2,0.55,0.99437,0.083,11.2,4
1263,3.15,2.5,0.58,0.99726,0.081,9.8,5
1264,3.37,2.2,0.46,0.9978,0.089,9.6,4
1265,3.38,1.8,0.72,0.99456,0.066,11.8,6
1266,3.38,2.3,0.6,0.99564,0.081,10.3,6
1267,3.38,2.3,0.6,0.99564,0.081,10.3,6
1268,3.1,2.3,0.87,0.996,0.068,11.4,6
1269,3.47,2,0.55,0.99668,0.079,9.5,6
1270,3.5,1.8,0.82,0.9908,0.044,14,8
1271,3.7,1.6,0.75,0.99084,0.048,14,6
1272,3.38,1.6,0.57,0.9935,0.049,11.7,6
1273,3.5,1.9,0.53,0.99385,0.077,11.2,5
1274,3.1,2,0.43,0.99494,0.073,9.3,5
1275,3.24,2.1,0.53,0.9944,0.102,11.2,6
1276,3.24,2.3,0.54,0.99688,0.075,9.5,6
1277,3.28,6.3,0.56,0.99566,0.05,12,4
1278,3.35,1.9,0.6,0.99636,0.114,9.7,6
1279,3.24,2.3,0.54,0.99688,0.075,9.5,6
1280,3.14,1.7,0.57,0.9948,0.062,11.5,7
1281,3.37,1.9,0.64,0.9956,0.077,10.4,6
1282,3.37,1.9,0.64,0.9956,0.077,10.4,6
1283,3.33,2,0.68,0.99619,0.084,10.9,6
1284,3.26,2.7,0.63,0.99734,0.096,10.2,6
1285,3.39,2.3,0.56,0.99476,0.071,10.9,5
1286,3.15,1.8,0.57,0.99734,0.09,10.5,5
1287,3.35,2.5,0.54,0.99328,0.068,12.4,6
1288,3.22,2.6,0.37,0.99286,0.056,13,5
1289,3.3,4.5,1.17,0.99914,0.068,10.2,5
1290,3.3,4.5,1.17,0.99914,0.068,10.2,5
1291,3.36,1.9,0.59,0.99521,0.1,11,5
1292,3.29,2.1,0.75,0.99638,0.073,10.9,6
1293,3.62,2.4,0.67,0.99362,0.056,12.4,6
1294,3.34,1.9,0.49,0.99672,0.084,9.7,4
1295,3.29,2.1,0.75,0.99638,0.073,10.9,6
1296,3.2,4.3,0.45,0.99558,0.093,9.5,5
1297,3.2,4.3,0.45,0.99558,0.093,9.5,5
1298,3.35,2.1,0.61,0.99323,0.064,12.1,6
1299,3.45,1.4,0.56,0.99191,0.063,12.2,6
1300,3.5,2.1,0.4,0.99476,0.137,10.9,3
1301,3.78,2.15,0.61,0.99444,0.08,12.5,6
1302,3.6,2,0.74,0.99598,0.1,11.7,6
1303,3.3,2.1,0.8,0.99576,0.064,11.2,6
1304,3.36,1.8,0.66,0.99501,0.081,11.2,5
1305,3.12,2.3,0.44,0.9955,0.087,9.2,5
1306,3.3,1.9,0.53,0.99612,0.073,9.8,5
1307,3.29,2.5,0.62,0.9979,0.088,10.1,5
1308,3.41,3.9,0.52,0.99524,0.068,11.1,4
1309,3.29,2.5,0.62,0.9979,0.088,10.1,5
1310,3.28,1.4,0.61,0.996,0.071,9.2,5
1311,3.3,1.9,0.53,0.99612,0.073,9.8,5
1312,3.33,3,0.59,0.9929,0.064,12.8,6
1313,3.34,1.9,0.47,0.99532,0.083,10.5,5
1314,3.4,2.3,0.54,0.99558,0.086,10.1,6
1315,3.4,2.4,0.53,0.99556,0.086,10.1,6
1316,3.26,2,0.58,0.99616,0.083,9.8,6
1317,4.01,1.2,0.59,0.99258,0.041,12.5,6
1318,3.18,2.2,0.69,0.99638,0.091,11.9,6
1319,3.26,2,0.58,0.99616,0.083,9.8,6
1320,2.9,1.7,1.33,0.99652,0.414,9.1,6
1321,3.26,2.6,0.66,0.99796,0.094,10.1,5
1322,4.01,1.2,0.59,0.99258,0.041,12.5,6
1323,3.18,1.8,0.55,0.99392,0.058,11.4,5
1324,3.18,1.8,0.82,0.99495,0.06,11,7
1325,3.39,1.7,0.6,0.9948,0.077,10.6,6
1326,3.39,1.7,0.6,0.9948,0.077,10.6,6
1327,3.39,1.7,0.6,0.9948,0.077,10.6,6
1328,3.39,1.7,0.6,0.9948,0.077,10.6,6
1329,3.34,1.8,0.52,0.9955,0.073,9.3,5
1330,3.29,2.1,0.56,0.99616,0.083,9.8,6
1331,3.29,2.1,0.56,0.99616,0.083,9.8,6
1332,3.26,3.8,0.46,0.99668,0.107,9.2,5
1333,3.09,1.7,0.43,0.99581,0.075,9.7,6
1334,3.18,2.2,0.51,0.9976,0.079,9.6,5
1335,3.39,2,0.52,0.99608,0.166,10,5
1336,3.38,2.4,0.66,0.99387,0.069,12.6,6
1337,3.36,1.4,0.45,0.99448,0.057,9.5,5
1338,3.36,1.4,0.45,0.99448,0.057,9.5,5
1339,3.36,1.4,0.45,0.99448,0.057,9.5,5
1340,3.36,1.7,0.54,0.99538,0.084,10.5,6
1341,3.36,1.7,0.54,0.99538,0.084,10.5,6
1342,3.36,1.7,0.54,0.99538,0.084,10.5,6
1343,3.37,1.7,0.51,0.99589,0.085,10.4,6
1344,3.36,1.7,0.54,0.99538,0.084,10.5,6
1345,3.09,2.6,0.53,0.99852,0.077,11,5
1346,3.25,2.3,0.53,0.99613,0.063,10.2,6
1347,3.52,2.1,0.56,0.99472,0.056,11.4,5
1348,3.34,1.8,0.39,0.99587,0.078,9.5,5
1349,3.34,1.8,0.39,0.99587,0.078,9.5,5
1350,3.41,2.8,0.52,0.99518,0.081,10.8,5
1351,3.34,2,0.57,0.99654,0.069,10,5
1352,3.32,2.3,0.51,0.99332,0.065,11.8,6
1353,3.37,1.9,0.46,0.9969,0.086,10.3,5
1354,3.37,1.9,0.46,0.9969,0.086,10.3,5
1355,3.35,2.3,0.52,0.99568,0.077,10,5
1356,3.36,1.8,0.44,0.99464,0.086,10.1,5
1357,3.36,1.8,0.44,0.99464,0.084,10.1,5
1358,3.6,2.5,0.59,0.99648,0.078,11.1,6
1359,3.28,5.4,0.5,0.99736,0.168,9.5,5
1360,3.07,1.4,0.65,0.99704,0.091,10.03333333,6
1361,3.24,2.3,0.56,0.99699,0.112,10.9,5
1362,3.36,2.5,0.54,0.99724,0.093,10.1,5
1363,3.07,1.4,0.65,0.99704,0.091,10.03333333,6
1364,3.29,2,0.48,0.99652,0.08,9.8,4
1365,3.46,1.9,0.53,0.995,0.096,11.8,6
1366,3.18,2.2,0.62,0.9971,0.115,9.5,5
1367,3.24,1.7,0.5,0.99576,0.094,9.8,5
1368,3.25,2.2,1.18,0.99725,0.088,10.5,6
1369,3.27,2.1,0.5,0.99656,0.079,9.8,6
1370,3.33,1.6,0.37,0.99396,0.069,10.4,4
1371,3,1.7,1.17,0.99623,0.415,9.2,5
1372,3.21,3.1,1.03,0.99476,0.153,11.6,6
1373,3,1.7,1.17,0.99623,0.415,9.2,5
1374,3.24,3.8,0.45,0.99664,0.11,9.3,5
1375,3.32,1.2,0.51,0.99471,0.267,9.8,3
1376,3.26,2,0.52,0.99586,0.083,9.9,5
1377,3.11,1.4,0.46,0.9946,0.086,10,5
1378,3.71,2.3,0.62,0.9953,0.09,12.2,6
1379,3.29,2,0.51,0.99609,0.078,9.9,6
1380,3.36,2.6,0.62,0.99557,0.077,10.8,6
1381,3.36,2.6,0.62,0.99557,0.077,10.8,6
1382,3.38,1.8,0.45,0.99534,0.074,9.6,5
1383,3.3,2.1,0.49,0.99613,0.08,9.9,5
1384,3.3,2.1,0.49,0.99613,0.08,9.9,5
1385,3.19,1.8,0.5,0.99593,0.107,9.5,5
1386,3.19,3.4,0.42,0.99668,0.076,9.2,5
1387,3.3,1.8,0.58,0.9961,0.1,9.6,5
1388,3.3,1.8,0.58,0.9961,0.1,9.6,5
1389,3.35,6.1,0.68,0.99718,0.083,10.3,5
1390,3.1,2.2,0.53,0.99524,0.08,9.7,5
1391,3.58,2.3,0.59,0.99292,0.068,12.5,6
1392,3.37,2.4,0.58,0.99612,0.094,11,5
1393,3.17,1.3,0.48,0.9942,0.07,9.8,5
1394,3.3,2,0.48,0.99612,0.078,10.2,5
1395,3.32,3.9,0.48,0.99669,0.07,9.2,5
1396,3.31,1.6,0.65,0.99745,0.092,9.55,6
1397,3.31,1.6,0.65,0.99745,0.09,9.55,5
1398,3.28,2,0.52,0.99584,0.08,9.9,5
1399,3.52,2.2,0.62,0.9966,0.083,10.2,7
1400,3.42,2.2,0.72,0.9956,0.068,11.1,6
1401,3.25,2.1,0.51,0.9962,0.08,9.9,5
1402,3.25,2.1,0.51,0.9962,0.08,9.9,5
1403,3.44,2,0.82,0.9963,0.052,11.9,6
1404,3.23,1.7,1.1,0.996,0.061,10,8
1405,3.43,2.6,0.62,0.9985,0.082,10.7,6
1406,3.28,2,0.9,0.9952,0.062,11.3,7
1407,3.22,5.1,0.94,0.9974,0.062,10.9,6
1408,3.54,2.1,0.93,0.995,0.064,10.7,6
1409,3.27,2.2,1.01,0.995,0.048,12.4,7
1410,3.54,2.1,0.93,0.995,0.064,10.7,6
1411,3.5,1.8,0.44,0.9936,0.082,11.9,6
1412,3.56,2.4,0.73,0.9963,0.071,10.6,6
1413,3.22,5.1,0.94,0.9974,0.062,10.9,6
1414,3.04,2,0.9,0.9963,0.104,10.1,5
1415,3.2,2.2,0.78,0.9994,0.077,9.6,5
1416,3.56,1.6,0.84,0.9966,0.065,9.4,5
1417,3.2,2.2,0.78,0.9994,0.077,9.6,5
1418,3.35,2.5,0.77,0.9952,0.064,12.1,7
1419,3.16,1.6,0.46,0.995,0.077,9.8,5
1420,3.27,2.2,0.45,0.9956,0.077,9.9,5
1421,3.16,1.6,0.46,0.995,0.077,9.8,5
1422,3.34,1.6,0.58,0.9965,0.079,9.4,5
1423,3.39,2.1,0.84,0.9956,0.079,11.4,6
1424,3.5,3.9,0.67,0.9968,0.123,11,4
1425,3.26,1.4,0.7,0.9974,0.076,9.6,6
1426,3.26,1.4,0.7,0.9974,0.076,9.6,6
1427,3.41,1.8,0.71,0.9971,0.046,12.1,6
1428,3.3,2.5,0.58,0.9957,0.078,11.2,5
1429,3.31,1.9,0.63,0.9962,0.072,11,5
1430,3.33,2.2,0.93,0.996,0.049,11.3,5
1431,3.37,1.8,0.62,0.9956,0.066,10.4,5
1432,3.26,2.1,0.54,0.9958,0.069,9.9,6
1433,3.48,1.6,0.85,0.9944,0.042,11.7,6
1434,3.42,1.8,0.74,0.9955,0.069,10.1,7
1435,3.18,15.4,0.77,1.00369,0.214,9,6
1436,3.18,15.4,0.77,1.00369,0.214,9,6
1437,3.15,1.6,0.65,0.99914,0.169,8.5,5
1438,3.53,4.8,0.54,0.99577,0.07,11.1,5
1439,3.41,1.7,0.47,0.996,0.052,10.3,5
1440,3.32,2.2,0.68,0.99566,0.072,11.06666667,6
1441,3.23,2,0.73,0.9947,0.062,11.3,7
1442,3.16,5.2,0.52,0.99713,0.094,9.566666667,6
1443,3.4,1.9,0.75,0.99712,0.078,9.8,5
1444,3.38,1.75,0.49,0.99322,0.058,11.7,5
1445,3.32,2.2,0.68,0.99566,0.072,11.1,6
1446,3.16,5.2,0.52,0.99713,0.094,9.6,6
1447,3.4,1.9,0.75,0.99712,0.078,9.8,5
1448,3.4,1.9,0.74,0.99701,0.08,9.7,5
1449,3.4,1.9,0.73,0.99683,0.08,9.7,5
1450,3.23,2,0.76,0.99472,0.056,11.3,8
1451,3.23,2,0.73,0.9947,0.062,11.3,7
1452,3.33,2.7,0.78,0.99732,0.104,11,7
1453,3.35,2,0.76,0.99374,0.062,11.6,7
1454,3.41,1.9,0.58,0.99706,0.074,9,5
1455,3.21,2.2,0.69,0.99974,0.073,10.9,6
1456,3.5,1.6,0.63,0.99467,0.052,10.9,6
1457,3.3,1.8,0.5,0.99236,0.05,10.55,6
1458,3.41,1.9,0.58,0.99706,0.074,9,5
1459,3.39,1.7,0.6,0.99603,0.067,10.5,5
1460,3.32,1.7,0.8,0.99458,0.054,11.9,7
1461,3.41,2.3,0.68,0.99724,0.054,10.4,6
1462,3.59,2.1,0.61,0.99664,0.06,10,4
1463,3.36,2.3,0.58,0.99545,0.075,10.4,6
1464,3.34,2.4,0.53,0.99522,0.076,10.8,6
1465,3.41,1.7,0.67,0.9958,0.063,9.7,5
1466,3.41,1.7,0.67,0.9958,0.063,9.7,5
1467,3.3,2.1,0.65,0.99728,0.062,10,7
1468,3.52,2.3,0.57,0.99648,0.067,11,4
1469,3.3,2.1,0.65,0.99728,0.062,10,7
1470,3.31,2.1,0.55,0.99705,0.061,9.7,3
1471,2.88,1.4,0.47,0.99578,0.084,9.7,5
1472,3.43,3.75,0.52,0.99334,0.067,12.6,5
1473,3.38,2.6,0.79,0.99656,0.073,11.1,6
1474,3.38,1.8,0.54,0.99336,0.071,11,5
1475,3.16,13.8,0.75,1.00242,0.205,8.8,5
1476,3.54,2.2,0.88,0.99182,0.048,13.56666667,7
1477,3.16,13.8,0.75,1.00242,0.205,8.8,5
1478,3.54,2.2,0.88,0.99182,0.048,13.6,7
1479,3.4,5.7,0.52,0.99808,0.082,10.2,3
1480,3.39,3,0.68,0.99828,0.104,10.6,5
1481,3.66,1.5,0.62,0.99498,0.08,10.1,4
1482,3.39,3,0.68,0.99828,0.104,10.6,5
1483,3.33,2.1,0.57,0.99719,0.114,10.3,4
1484,3.35,1.5,0.61,0.99542,0.042,10.7,5
1485,3.53,2,0.64,0.99592,0.06,10.9,4
1486,3.37,2.1,0.55,0.99606,0.074,9.7,5
1487,3.38,2.1,0.6,0.99546,0.07,10.3,5
1488,3.52,1.9,0.78,0.99496,0.066,10.6,5
1489,3.72,1.7,0.58,0.9942,0.049,11.4,5
1490,3.44,2.1,0.76,0.99448,0.048,10.8,6
1491,3.39,1.8,0.56,0.99344,0.039,12.4,6
1492,3.72,1.7,0.58,0.9942,0.049,11.4,5
1493,3.57,1.6,0.54,0.99348,0.05,11.95,5
1494,3.26,1.9,0.59,0.99636,0.089,9.7,5
1495,3.42,1.4,0.7,0.99459,0.066,10,7
1496,3.35,1.9,0.81,0.99492,0.08,10.6,6
1497,3.26,1.9,0.59,0.99636,0.089,9.7,5
1498,3.45,2.3,0.63,0.99508,0.054,11.5,6
1499,3.53,2.3,0.58,0.99582,0.068,10.8,6
1500,3.45,2.3,0.63,0.99508,0.054,11.5,6
1501,3.26,1.5,0.53,0.99508,0.076,9.6,5
1502,3.16,4.3,0.53,0.99642,0.083,9.4,5
1503,3.31,2.4,0.54,0.99638,0.078,9.8,5
1504,3.51,2.5,0.69,0.99555,0.077,11,6
1505,3.36,2.3,0.55,0.99605,0.106,11.4,6
1506,3.55,1.8,0.63,0.996,0.078,9.95,3
1507,3.51,2,0.66,0.99562,0.07,10.8,6
1508,3.36,2.3,0.55,0.99605,0.106,11.4,6
1509,3.38,2.1,0.72,0.99814,0.074,10.6,6
1510,3.28,1.8,0.7,0.9941,0.062,11.1,5
1511,3.47,2.2,0.77,0.99661,0.047,9.7,6
1512,3.44,2.1,0.67,0.99712,0.068,9.8,5
1513,3.53,2.2,0.65,0.99588,0.061,10.4,6
1514,3.33,1.8,0.6,0.99294,0.078,10.5,6
1515,3.53,4.1,0.72,0.99842,0.074,9.233333333,6
1516,3.53,4.1,0.72,0.99842,0.074,9.25,6
1517,3.42,2.3,0.97,0.99633,0.071,10.6,5
1518,3.38,2,0.83,0.99489,0.063,10.3,6
1519,3.32,2.2,0.63,0.99647,0.114,10.5,5
1520,3.44,2.6,0.58,0.99665,0.106,10.2,5
1521,3.38,2,0.83,0.99489,0.063,10.3,6
1522,3.39,1.9,0.43,0.99585,0.082,9.05,4
1523,3.42,2.3,0.97,0.99633,0.071,10.6,5
1524,3.34,2,0.6,0.9953,0.076,10.4,5
1525,3.39,2,0.78,0.99522,0.075,10,6
1526,3.33,2.1,0.64,0.99552,0.064,9.7,5
1527,3.3,2.2,0.65,0.99553,0.064,9.6,6
1528,3.29,1.7,0.66,0.9951,0.071,10.8,6
1529,3.31,2.2,0.67,0.99714,0.096,10.1,6
1530,3.42,2.1,0.6,0.99608,0.063,10.2,6
1531,3.42,2.2,0.69,0.99444,0.063,11.3,6
1532,3.6,2.8,0.66,0.99631,0.081,10.2,5
1533,3.21,2,0.68,0.99573,0.058,9.9,6
1534,3.39,1.9,0.61,0.99717,0.074,9,5
1535,3.42,2.4,0.62,0.99397,0.064,11.7,7
1536,3.36,2.2,0.59,0.9959,0.075,9.7,6
1537,3.6,1.9,0.68,0.99528,0.077,10.3,6
1538,3.5,1.9,0.64,0.99484,0.059,10.2,6
1539,3.57,2.5,0.63,0.99538,0.081,12,5
1540,3.46,1.8,0.78,0.99714,0.065,9.9,5
1541,3.56,4.4,0.63,0.99646,0.071,11.6,6
1542,3.4,2.2,0.76,0.99666,0.054,10.9,7
1543,3.3,1.9,0.56,0.99472,0.064,10.75,6
1544,3.25,2.2,0.57,0.99758,0.064,10.4,6
1545,3.17,2.3,0.81,0.9955,0.063,11.2,7
1546,3.36,1.8,0.64,0.99531,0.059,10.1,6
1547,3.36,2,0.61,0.99575,0.072,10.2,5
1548,3.55,1.6,0.51,0.99306,0.048,12.1,5
1549,3.1,2,0.58,0.99783,0.099,10.4,5
1550,3.24,1.8,0.7,0.99419,0.074,11.4,8
1551,3.45,2.3,0.53,0.99783,0.087,9.5,5
1552,3.44,2.3,0.54,0.99768,0.083,9.4,5
1553,3.51,3.7,0.66,0.99586,0.103,11.3,6
1554,3.41,2.2,0.6,0.99765,0.08,9.4,5
1555,3.54,2.4,0.6,0.99627,0.062,11,6
1556,3.44,1.7,0.68,0.99514,0.065,10.55,7
1557,3.53,2.2,0.56,0.99636,0.066,9.9,5
1558,3.54,2.4,0.6,0.99627,0.062,11,6
1559,3.22,6.7,0.56,0.99787,0.235,9.5,5
1560,3.21,2,0.52,0.99622,0.08,9.9,5
1561,3.21,2,0.52,0.99622,0.08,9.9,5
1562,3.21,2,0.52,0.99622,0.08,9.9,5
1563,3.29,2,0.54,0.99546,0.076,10.1,5
1564,3.29,2,0.54,0.99546,0.076,10.1,5
1565,3.29,2,0.54,0.99546,0.076,10.1,5
1566,3.39,1.9,0.82,0.99489,0.061,10.9,6
1567,3.34,2.1,0.71,0.99494,0.059,11.2,6
1568,3.29,2,0.54,0.99546,0.076,10.1,5
1569,3.34,1.6,0.59,0.99629,0.077,9.2,5
1570,3.48,1.9,0.57,0.99396,0.056,11.5,6
1571,3.37,2.2,0.93,0.9934,0.23,12.4,6
1572,3.44,2.2,0.65,0.99514,0.038,11.1,6
1573,3.33,2.2,0.51,0.99632,0.069,9.5,5
1574,3.58,2.4,0.67,0.99467,0.075,12.5,6
1575,3.39,13.9,0.48,0.99677,0.074,10.5,6
1576,3.26,2.2,0.64,0.99474,0.06,11.8,6
1577,3.3,1.6,0.78,0.99588,0.081,10.8,6
1578,3.54,5.1,0.6,0.99622,0.076,11.9,6
1579,3.42,1.8,0.67,0.9954,0.118,11.3,6
1580,3.54,1.7,0.6,0.99402,0.053,11.3,5
1581,3.36,2.4,0.6,0.9947,0.068,11.9,6
1582,3.54,1.7,0.6,0.99402,0.053,11.3,5
1583,3.57,2.6,0.5,0.99362,0.053,11.9,5
1584,3.33,2.1,0.62,0.99578,0.074,9.8,5
1585,3.29,2.4,0.8,0.99484,0.061,11.6,7
1586,3.3,2.6,0.84,0.99494,0.066,11.5,6
1587,3.34,2.4,0.85,0.99492,0.065,11.4,6
1588,3.55,1.8,0.66,0.99483,0.066,10.9,6
1589,3.27,2.5,0.78,0.99414,0.068,12.8,6
1590,3.29,7.8,0.54,0.9977,0.073,9.2,5
1591,3.32,1.8,0.82,0.99314,0.077,11.6,6
1592,3.67,1.7,0.56,0.99402,0.089,11.6,6
1593,3.42,2.3,0.75,0.99574,0.076,11,6
1594,3.42,1.9,0.82,0.99651,0.068,9.5,6
1595,3.45,2,0.58,0.9949,0.09,10.5,5
1596,3.52,2.2,0.76,0.99512,0.062,11.2,6
1597,3.42,2.3,0.75,0.99574,0.076,11,6
1598,3.57,2,0.71,0.99547,0.075,10.2,5
1599,3.39,3.6,0.66,0.99549,0.067,11,6
